msg_id,fl,fr,rl,rr,timestamp
259,57.5,57.5,57.5,57.5,165847
259,58,58,58,58,165824
259,58.5,58.5,58.5,58.5,165796
259,59.5,59.5,59.5,59.5,165748
259,60,60,60,60,165722
259,61.5,61.5,61.5,61.5,165647
259,62,62,62,62,165624
259,62.5,62.5,62.5,62.5,165599
259,63,63,63,63,165574
259,63.5,63.5,63.5,63.5,165548
259,64,64,64,64,165523
259,65,65,65,65,165475
259,65.5,65.5,65.5,65.5,165450
259,66,66,66,66,165424
259,66.5,66.5,66.5,66.5,165399
259,67,67,67,67,165373
259,68.5,68.5,68.5,68.5,165301
259,69,69,69,69,165274
259,69.5,69.5,69.5,69.5,165250
259,70,70,70,70,165225
259,70.5,70.5,70.5,70.5,165200
259,71,71,71,71,165175
259,71.5,71.5,71.5,71.5,165153
259,72,72,72,72,165125
259,72.5,72.5,72.5,72.5,165100
259,73,73,73,73,165076
259,73.5,73.5,73.5,73.5,165051
259,74,74,74,74,165027
259,75.5,75.5,75.5,75.5,164950
259,76.5,76.5,76.5,76.5,164902
259,77,77,77,77,164876
259,79,79,79,79,164776
259,80,80,80,80,164729
259,80.5,80.5,80.5,80.5,164704
259,81,81,81,81,164678
259,81.5,81.5,81.5,81.5,164653
259,82,82,82,82,164628
259,82.5,82.5,82.5,82.5,164603
259,83.5,83.5,83.5,83.5,164555
259,84,84,84,84,164529
259,84.5,84.5,84.5,84.5,164504
259,85,85,85,85,164477
259,86.5,86.5,86.5,86.5,164406
259,88,88,88,88,164329
259,88.5,88.5,88.5,88.5,164305
259,89.5,89.5,89.5,89.5,164255
259,91,91,91,91,164180
259,91.5,91.5,91.5,91.5,164157
259,92,92,92,92,164132
259,92.5,92.5,92.5,92.5,164107
259,93,93,93,93,164081
259,93.5,93.5,93.5,93.5,164056
259,94,94,94,94,164032
259,94.5,94.5,94.5,94.5,164006
259,95.5,95.5,95.5,95.5,163958
259,96,96,96,96,163933
259,96.5,96.5,96.5,96.5,163908
259,97.5,97.5,97.5,97.5,163856
259,106,106,106,106,163435
259,106.5,106.5,106.5,106.5,163409
259,107,107,107,107,163389
259,107.5,107.5,107.5,107.5,163362
259,108,108,108,108,163336
259,108.5,108.5,108.5,108.5,163311
259,110.5,110.5,110.5,110.5,163210
259,111,111,111,111,163187
259,111.5,111.5,111.5,111.5,163164
259,112,112,112,112,163136
259,112.5,112.5,112.5,112.5,163112
259,113,113,113,113,163087
259,113.5,113.5,113.5,113.5,163061
259,114,114,114,114,163037
259,114.5,114.5,114.5,114.5,163013
259,115,115,115,115,162990
259,115.5,115.5,115.5,115.5,162962
259,116.5,116.5,116.5,116.5,162911
259,117,117,117,117,162888
259,117.5,117.5,117.5,117.5,162864
259,118,118,118,118,162839
259,118.5,118.5,118.5,118.5,162815
259,119,119,119,119,162789
259,119.5,119.5,119.5,119.5,162764
259,120,120,120,120,162740
259,120.5,120.5,120.5,120.5,162713
259,121,121,121,121,162688
259,121.5,121.5,121.5,121.5,162664
259,122,122,122,122,162639
259,123.5,123.5,123.5,123.5,162564
259,124,124,124,124,162540
259,124.5,124.5,124.5,124.5,162514
259,125,125,125,125,162491
259,126,126,126,126,162440
259,127,127,127,127,162392
259,127.5,127.5,127.5,127.5,162366
259,128,128,128,128,162340
259,128.5,128.5,128.5,128.5,162316
259,129,129,129,129,162292
259,129.5,129.5,129.5,129.5,162266
259,130,130,130,130,162242
259,130.5,130.5,130.5,130.5,162216
259,131,131,131,131,162191
259,132,132,132,132,162142
259,132.5,132.5,132.5,132.5,162117
259,135,135,135,135,161992
259,135.5,135.5,135.5,135.5,161966
259,136,136,136,136,161944
259,136.5,136.5,136.5,136.5,161919
259,137,137,137,137,161894
259,137.5,137.5,137.5,137.5,161868
259,138,138,138,138,161843
259,138.5,138.5,138.5,138.5,161820
259,139,139,139,139,161795
259,139.5,139.5,139.5,139.5,161769
259,140,140,140,140,161744
259,140.5,140.5,140.5,140.5,161720
259,141,141,141,141,161695
259,141.5,141.5,141.5,141.5,161669
259,142,142,142,142,161643
259,142.5,142.5,142.5,142.5,161622
259,143,143,143,143,161597
259,143.5,143.5,143.5,143.5,161569
259,144,144,144,144,161545
259,144.5,144.5,144.5,144.5,161521
259,145,145,145,145,161496
259,145.5,145.5,145.5,145.5,161471
259,146,146,146,146,161446
259,146.5,146.5,146.5,146.5,161420
259,147,147,147,147,161398
259,147.5,147.5,147.5,147.5,161375
259,148,148,148,148,161346
259,149,149,149,149,161296
259,149.5,149.5,149.5,149.5,161273
259,150,150,150,150,161248
259,150.5,150.5,150.5,150.5,161223
259,151,151,151,151,161197
259,152,152,152,152,161147
259,152.5,152.5,152.5,152.5,161121
259,153.5,153.5,153.5,153.5,161074
259,154,154,154,154,161049
259,154.5,154.5,154.5,154.5,161026
259,155,155,155,155,160998
259,155.5,155.5,155.5,155.5,160974
259,156,156,156,156,160949
259,156.5,156.5,156.5,156.5,160924
259,157,157,157,157,160899
259,157.5,157.5,157.5,157.5,160874
259,158,158,158,158,160850
259,158.5,158.5,158.5,158.5,160825
259,159.5,159.5,159.5,159.5,160775
259,160,160,160,160,160750
259,160.5,160.5,160.5,160.5,160725
259,161,161,161,161,160701
259,161.5,161.5,161.5,161.5,160675
259,162,162,162,162,160650
259,162.5,162.5,162.5,162.5,160626
259,163,163,163,163,160601
259,163.5,163.5,163.5,163.5,160576
259,164,164,164,164,160550
259,165,165,165,165,160503
259,165.5,165.5,165.5,165.5,160477
259,166.5,166.5,166.5,166.5,160427
259,167,167,167,167,160403
259,167.5,167.5,167.5,167.5,160377
259,168,168,168,168,160352
259,168.5,168.5,168.5,168.5,160328
259,169,169,169,169,160302
259,169.5,169.5,169.5,169.5,160278
259,170,170,170,170,160252
259,170.5,170.5,170.5,170.5,160227
259,171,171,171,171,160203
259,172,172,172,172,160152
259,173,173,173,173,160104
259,173.5,173.5,173.5,173.5,160079
259,174,174,174,174,160054
259,174.5,174.5,174.5,174.5,160028
259,175,175,175,175,160002
259,175.5,175.5,175.5,175.5,159979
259,176,176,176,176,159955
259,176.5,176.5,176.5,176.5,159930
259,177,177,177,177,159904
259,177.5,177.5,177.5,177.5,159880
259,178,178,178,178,159857
259,178.5,178.5,178.5,178.5,159830
259,179,179,179,179,159804
259,179.5,179.5,179.5,179.5,159782
259,180,180,180,180,159756
259,180.5,180.5,180.5,180.5,159731
259,181,181,181,181,159705
259,181.5,181.5,181.5,181.5,159682
259,182,182,182,182,159655
259,184,184,184,184,159556
259,184.5,184.5,184.5,184.5,159533
259,185,185,185,185,159507
259,185.5,185.5,185.5,185.5,159483
259,186,186,186,186,159457
259,186.5,186.5,186.5,186.5,159432
259,187,187,187,187,159407
259,187.5,187.5,187.5,187.5,159382
259,188,188,188,188,159359
259,188.5,188.5,188.5,188.5,159334
259,189,189,189,189,159308
259,189.5,189.5,189.5,189.5,159283
259,190,190,190,190,159258
259,190.5,190.5,190.5,190.5,159233
259,191,191,191,191,159209
259,193,193,193,193,159108
259,194,194,194,194,159058
259,194.5,194.5,194.5,194.5,159035
259,195,195,195,195,159011
259,195.5,195.5,195.5,195.5,158987
259,196,196,196,196,158960
259,196.5,196.5,196.5,196.5,158935
259,197,197,197,197,158911
259,197.5,197.5,197.5,197.5,158886
259,198,198,198,198,158861
259,198.5,198.5,198.5,198.5,158836
259,199,199,199,199,158813
259,199.5,199.5,199.5,199.5,158788
259,200,200,200,200,158762
259,200.5,200.5,200.5,200.5,158737
259,202,202,202,202,158660
259,202.5,202.5,202.5,202.5,158637
259,203,203,203,203,158614
259,203.5,203.5,203.5,203.5,158588
259,204,204,204,204,158562
259,204.5,204.5,204.5,204.5,158537
259,205,205,205,205,158511
259,205.5,205.5,205.5,205.5,158486
259,206,206,206,206,158464
259,206.5,206.5,206.5,206.5,158438
259,207,207,207,207,158416
259,207.5,207.5,207.5,207.5,158387
259,208,208,208,208,158363
259,208.5,208.5,208.5,208.5,158339
259,209,209,209,209,158313
259,209.5,209.5,209.5,209.5,158289
259,210,210,210,210,158267
259,210.5,210.5,210.5,210.5,158239
259,211,211,211,211,158213
259,211.5,211.5,211.5,211.5,158190
259,212,212,212,212,158165
259,212.5,212.5,212.5,212.5,158141
259,213,213,213,213,158114
259,213.5,213.5,213.5,213.5,158090
259,214,214,214,214,158067
259,214.5,214.5,214.5,214.5,158041
259,215,215,215,215,158016
259,215.5,215.5,215.5,215.5,157990
259,216,216,216,216,157965
259,216.5,216.5,216.5,216.5,157941
259,217.5,217.5,217.5,217.5,157890
259,218,218,218,218,157869
259,218.5,218.5,218.5,218.5,157841
259,219,219,219,219,157816
259,220,220,220,220,157766
259,220.5,220.5,220.5,220.5,157743
259,221,221,221,221,157717
259,221.5,221.5,221.5,221.5,157692
259,222,222,222,222,157669
259,222.5,222.5,222.5,222.5,157643
259,223,223,223,223,157617
259,223.5,223.5,223.5,223.5,157593
259,224,224,224,224,157568
259,225,225,225,225,157518
259,226,226,226,226,157466
259,227.5,227.5,227.5,227.5,157393
259,228,228,228,228,157369
259,229,229,229,229,157318
259,230.5,230.5,230.5,230.5,157243
259,231,231,231,231,157221
259,231.5,231.5,231.5,231.5,157194
259,232,232,232,232,157170
259,232.5,232.5,232.5,232.5,157147
259,233,233,233,233,157119
259,234,234,234,234,157070
259,234.5,234.5,234.5,234.5,157045
259,235,235,235,235,157020
259,235.5,235.5,235.5,235.5,156995
259,236,236,236,236,156970
259,236.5,236.5,236.5,236.5,156947
259,237,237,237,237,156922
259,237.5,237.5,237.5,237.5,156896
259,238,238,238,238,156872
259,238.5,238.5,238.5,238.5,156846
259,242,242,242,242,156671
259,243,243,243,243,156624
259,243.5,243.5,243.5,243.5,156599
259,244,244,244,244,156573
259,244.5,244.5,244.5,244.5,156549
259,245,245,245,245,156523
259,245.5,245.5,245.5,245.5,156499
259,246,246,246,246,156472
259,246.5,246.5,246.5,246.5,156447
259,247.5,247.5,247.5,247.5,156401
259,248.5,248.5,248.5,248.5,156348
259,249,249,249,249,156326
259,249.5,249.5,249.5,249.5,156300
259,250,250,250,250,156274
259,250.5,250.5,250.5,250.5,156251
259,251,251,251,251,156224
259,251.5,251.5,251.5,251.5,156199
259,252,252,252,252,156176
259,254.5,254.5,254.5,254.5,156052
259,255,255,255,255,156025
259,256,256,256,256,155977
259,256.5,256.5,256.5,256.5,155952
259,258,258,258,258,155876
259,258.5,258.5,258.5,258.5,155854
259,259,259,259,259,155827
259,259.5,259.5,259.5,259.5,155802
259,260,260,260,260,155777
259,260.5,260.5,260.5,260.5,155753
259,261,261,261,261,155728
259,261.5,261.5,261.5,261.5,155701
259,262.5,262.5,262.5,262.5,155655
259,264,264,264,264,155577
259,265,265,265,265,155530
259,265.5,265.5,265.5,265.5,155505
259,266,266,266,266,155478
259,266.5,266.5,266.5,266.5,155454
259,268,268,268,268,155378
259,268.5,268.5,268.5,268.5,155356
259,269,269,269,269,155331
259,269.5,269.5,269.5,269.5,155304
259,270,270,270,270,155280
259,270.5,270.5,270.5,270.5,155255
259,271,271,271,271,155230
259,271.5,271.5,271.5,271.5,155205
259,272,272,272,272,155180
259,272.5,272.5,272.5,272.5,155155
259,273,273,273,273,155132
259,273.5,273.5,273.5,273.5,155106
259,274,274,274,274,155081
259,274.5,274.5,274.5,274.5,155056
259,275,275,275,275,155031
259,275.5,275.5,275.5,275.5,155007
259,276,276,276,276,154981
259,277,277,277,277,154934
259,277.5,277.5,277.5,277.5,154907
259,278,278,278,278,154881
259,278.5,278.5,278.5,278.5,154858
259,279,279,279,279,154833
259,279.5,279.5,279.5,279.5,154808
259,280,280,280,280,154785
259,281.5,281.5,281.5,281.5,154707
259,282,282,282,282,154683
259,282.5,282.5,282.5,282.5,154659
259,283,283,283,283,154634
259,283.5,283.5,283.5,283.5,154609
259,284,284,284,284,154587
259,284.5,284.5,284.5,284.5,154558
259,285,285,285,285,154534
259,285.5,285.5,285.5,285.5,154509
259,286,286,286,286,154484
259,286.5,286.5,286.5,286.5,154459
259,287,287,287,287,154436
259,287.5,287.5,287.5,287.5,154411
259,288,288,288,288,154388
259,288.5,288.5,288.5,288.5,154360
259,289.5,289.5,289.5,289.5,154311
259,290,290,290,290,154286
259,290.5,290.5,290.5,290.5,154261
259,291,291,291,291,154236
259,291.5,291.5,291.5,291.5,154213
259,292,292,292,292,154188
259,292.5,292.5,292.5,292.5,154162
259,293,293,293,293,154137
259,293.5,293.5,293.5,293.5,154112
259,295,295,295,295,154037
259,295.5,295.5,295.5,295.5,154011
259,296,296,296,296,153987
259,296.5,296.5,296.5,296.5,153962
259,297,297,297,297,153937
259,297.5,297.5,297.5,297.5,153914
259,298.5,298.5,298.5,298.5,153862
259,299,299,299,299,153840
259,299.5,299.5,299.5,299.5,153814
259,300,300,300,300,153789
259,300.5,300.5,300.5,300.5,153763
259,301,301,301,301,153739
259,301.5,301.5,301.5,301.5,153713
259,302,302,302,302,153689
259,302.5,302.5,302.5,302.5,153664
259,303,303,303,303,153641
259,303.5,303.5,303.5,303.5,153614
259,304,304,304,304,153591
259,305,305,305,305,153539
259,305.5,305.5,305.5,305.5,153515
259,306,306,306,306,153490
259,306.5,306.5,306.5,306.5,153466
259,307,307,307,307,153443
259,307.5,307.5,307.5,307.5,153415
259,308.5,308.5,308.5,308.5,153366
259,310,310,310,310,153290
259,311,311,311,311,153243
259,311.5,311.5,311.5,311.5,153217
259,312,312,312,312,153192
259,313.5,313.5,313.5,313.5,153116
259,314,314,314,314,153094
259,317,317,317,317,152944
259,317.5,317.5,317.5,317.5,152918
259,318.5,318.5,318.5,318.5,152868
259,321,321,321,321,152743
259,321.5,321.5,321.5,321.5,152721
259,322,322,322,322,152695
259,322.5,322.5,322.5,322.5,152671
259,323,323,323,323,152644
259,323.5,323.5,323.5,323.5,152618
259,324,324,324,324,152595
259,324.5,324.5,324.5,324.5,152570
259,325,325,325,325,152548
259,325.5,325.5,325.5,325.5,152520
259,326,326,326,326,152495
259,326.5,326.5,326.5,326.5,152469
259,327,327,327,327,152446
259,327.5,327.5,327.5,327.5,152421
259,329.5,329.5,329.5,329.5,152323
259,330,330,330,330,152296
259,330.5,330.5,330.5,330.5,152273
259,331,331,331,331,152247
259,331.5,331.5,331.5,331.5,152222
259,332,332,332,332,152196
259,332.5,332.5,332.5,332.5,152172
259,333,333,333,333,152148
259,333.5,333.5,333.5,333.5,152124
259,334,334,334,334,152098
259,334.5,334.5,334.5,334.5,152072
259,335,335,335,335,152048
259,335.5,335.5,335.5,335.5,152023
259,336,336,336,336,151997
259,336.5,336.5,336.5,336.5,151973
259,337,337,337,337,151950
259,338,338,338,338,151897
259,339,339,339,339,151848
259,339.5,339.5,339.5,339.5,151824
259,340,340,340,340,151798
259,340.5,340.5,340.5,340.5,151773
259,341,341,341,341,151750
259,341.5,341.5,341.5,341.5,151725
259,342,342,342,342,151700
259,342.5,342.5,342.5,342.5,151675
259,343,343,343,343,151651
259,343.5,343.5,343.5,343.5,151625
259,344,344,344,344,151600
259,344.5,344.5,344.5,344.5,151577
259,345,345,345,345,151551
259,345.5,345.5,345.5,345.5,151526
259,346,346,346,346,151501
259,346.5,346.5,346.5,346.5,151476
259,347,347,347,347,151450
259,347.5,347.5,347.5,347.5,151427
259,348.5,348.5,348.5,348.5,151376
259,349,349,349,349,151354
259,349.5,349.5,349.5,349.5,151326
259,350,350,350,350,151304
259,350.5,350.5,350.5,350.5,151278
259,351,351,351,351,151253
259,351.5,351.5,351.5,351.5,151228
259,352,352,352,352,151202
259,352.5,352.5,352.5,352.5,151177
259,353,353,353,353,151154
259,353.5,353.5,353.5,353.5,151128
259,354,354,354,354,151104
259,354.5,354.5,354.5,354.5,151078
259,355,355,355,355,151053
259,355.5,355.5,355.5,355.5,151029
259,356,356,356,356,151004
259,356.5,356.5,356.5,356.5,150980
259,357,357,357,357,150953
259,357.5,357.5,357.5,357.5,150931
259,358.5,358.5,358.5,358.5,150878
259,359,359,359,359,150854
259,359.5,359.5,359.5,359.5,150831
259,360,360,360,360,150803
259,360.5,360.5,360.5,360.5,150779
259,361,361,361,361,150755
259,361.5,361.5,361.5,361.5,150731
259,362,362,362,362,150706
259,362.5,362.5,362.5,362.5,150680
259,363,363,363,363,150655
259,363.5,363.5,363.5,363.5,150633
259,364,364,364,364,150606
259,365,365,365,365,150557
259,365.5,365.5,365.5,365.5,150530
259,366,366,366,366,150509
259,366.5,366.5,366.5,366.5,150480
259,367,367,367,367,150457
259,368,368,368,368,150405
259,368.5,368.5,368.5,368.5,150383
259,369,369,369,369,150358
259,369.5,369.5,369.5,369.5,150332
259,370,370,370,370,150307
259,370.5,370.5,370.5,370.5,150282
259,371,371,371,371,150258
259,371.5,371.5,371.5,371.5,150232
259,372,372,372,372,150208
259,372.5,372.5,372.5,372.5,150182
259,373,373,373,373,150159
259,373.5,373.5,373.5,373.5,150134
259,374,374,374,374,150109
259,374.5,374.5,374.5,374.5,150083
259,375,375,375,375,150058
259,375.5,375.5,375.5,375.5,150034
259,376,376,376,376,150010
259,376.5,376.5,376.5,376.5,149984
259,377.5,377.5,377.5,377.5,149933
259,378,378,378,378,149911
259,378.5,378.5,378.5,378.5,149883
259,379.5,379.5,379.5,379.5,149835
259,380,380,380,380,149810
259,380.5,380.5,380.5,380.5,149785
259,381,381,381,381,149760
259,382,382,382,382,149711
259,382.5,382.5,382.5,382.5,149687
259,383,383,383,383,149661
259,384.5,384.5,384.5,384.5,149585
259,385,385,385,385,149563
259,385.5,385.5,385.5,385.5,149537
259,386,386,386,386,149513
259,386.5,386.5,386.5,386.5,149488
259,387,387,387,387,149463
259,387.5,387.5,387.5,387.5,149438
259,388,388,388,388,149412
259,388.5,388.5,388.5,388.5,149388
259,389,389,389,389,149362
259,389.5,389.5,389.5,389.5,149340
259,390,390,390,390,149314
259,390.5,390.5,390.5,390.5,149287
259,391,391,391,391,149263
259,391.5,391.5,391.5,391.5,149237
259,392,392,392,392,149215
259,392.5,392.5,392.5,392.5,149187
259,393,393,393,393,149162
259,393.5,393.5,393.5,393.5,149143
259,394,394,394,394,149113
259,395,395,395,395,149064
259,395.5,395.5,395.5,395.5,149039
259,396,396,396,396,149014
259,396.5,396.5,396.5,396.5,148989
259,397,397,397,397,148965
259,397.5,397.5,397.5,397.5,148940
259,398,398,398,398,148915
259,398.5,398.5,398.5,398.5,148891
259,399,399,399,399,148865
259,399.5,399.5,399.5,399.5,148842
259,400,400,400,400,148816
259,400.5,400.5,400.5,400.5,148790
259,401,401,401,401,148765
259,401.5,401.5,401.5,401.5,148741
259,402,402,402,402,148716
259,402.5,402.5,402.5,402.5,148693
259,403,403,403,403,148667
259,403.5,403.5,403.5,403.5,148642
259,405,405,405,405,148565
259,405.5,405.5,405.5,405.5,148545
259,406.5,406.5,406.5,406.5,148491
259,407,407,407,407,148468
259,407.5,407.5,407.5,407.5,148443
259,408,408,408,408,148419
259,408.5,408.5,408.5,408.5,148394
259,409,409,409,409,148367
259,409.5,409.5,409.5,409.5,148343
259,409,409,409,409,148319
259,408.5,408.5,408.5,408.5,148294
259,408,408,408,408,148270
259,407,407,407,407,148217
259,406.5,406.5,406.5,406.5,148194
259,406,406,406,406,148168
259,405.5,405.5,405.5,405.5,148147
259,405,405,405,405,148120
259,404.5,404.5,404.5,404.5,148095
259,404,404,404,404,148069
259,403.5,403.5,403.5,403.5,148045
259,402.5,402.5,402.5,402.5,147997
259,402,402,402,402,147971
259,401.5,401.5,401.5,401.5,147948
259,401,401,401,401,147923
259,400.5,400.5,400.5,400.5,147895
259,400,400,400,400,147870
259,399.5,399.5,399.5,399.5,147845
259,399,399,399,399,147821
259,398.5,398.5,398.5,398.5,147796
259,398,398,398,398,147773
259,397.5,397.5,397.5,397.5,147748
259,397,397,397,397,147722
259,396.5,396.5,396.5,396.5,147698
259,395.5,395.5,395.5,395.5,147645
259,395,395,395,395,147623
259,394.5,394.5,394.5,394.5,147597
259,393.5,393.5,393.5,393.5,147549
259,393,393,393,393,147523
259,392.5,392.5,392.5,392.5,147498
259,392,392,392,392,147473
259,391.5,391.5,391.5,391.5,147448
259,391,391,391,391,147423
259,390.5,390.5,390.5,390.5,147398
259,390,390,390,390,147376
259,389.5,389.5,389.5,389.5,147347
259,389,389,389,389,147323
259,388.5,388.5,388.5,388.5,147299
259,387,387,387,387,147223
259,385.5,385.5,385.5,385.5,147152
259,385,385,385,385,147123
259,384,384,384,384,147074
259,383.5,383.5,383.5,383.5,147050
259,382,382,382,382,146974
259,381.5,381.5,381.5,381.5,146951
259,381,381,381,381,146926
259,380.5,380.5,380.5,380.5,146903
259,380,380,380,380,146876
259,379.5,379.5,379.5,379.5,146851
259,379,379,379,379,146826
259,378.5,378.5,378.5,378.5,146801
259,378,378,378,378,146777
259,377.5,377.5,377.5,377.5,146751
259,377,377,377,377,146727
259,376.5,376.5,376.5,376.5,146704
259,376,376,376,376,146676
259,375.5,375.5,375.5,375.5,146651
259,375,375,375,375,146626
259,374.5,374.5,374.5,374.5,146601
259,374,374,374,374,146577
259,373.5,373.5,373.5,373.5,146553
259,372,372,372,372,146478
259,371.5,371.5,371.5,371.5,146452
259,371,371,371,371,146427
259,370.5,370.5,370.5,370.5,146404
259,370,370,370,370,146378
259,369.5,369.5,369.5,369.5,146356
259,369,369,369,369,146331
259,368.5,368.5,368.5,368.5,146305
259,368,368,368,368,146279
259,367.5,367.5,367.5,367.5,146254
259,367,367,367,367,146229
259,366,366,366,366,146180
259,365.5,365.5,365.5,365.5,146154
259,365,365,365,365,146133
259,364,364,364,364,146079
259,363.5,363.5,363.5,363.5,146056
259,363,363,363,363,146030
259,362.5,362.5,362.5,362.5,146007
259,362,362,362,362,145981
259,361.5,361.5,361.5,361.5,145955
259,361,361,361,361,145932
259,360.5,360.5,360.5,360.5,145907
259,360,360,360,360,145882
259,359.5,359.5,359.5,359.5,145857
259,359,359,359,359,145832
259,358.5,358.5,358.5,358.5,145807
259,358,358,358,358,145783
259,357.5,357.5,357.5,357.5,145757
259,357,357,357,357,145731
259,356.5,356.5,356.5,356.5,145708
259,356,356,356,356,145683
259,355.5,355.5,355.5,355.5,145658
259,355,355,355,355,145633
259,354.5,354.5,354.5,354.5,145607
259,354,354,354,354,145583
259,353,353,353,353,145532
259,352.5,352.5,352.5,352.5,145510
259,352,352,352,352,145487
259,351.5,351.5,351.5,351.5,145460
259,351,351,351,351,145435
259,350.5,350.5,350.5,350.5,145408
259,350,350,350,350,145384
259,349.5,349.5,349.5,349.5,145359
259,349,349,349,349,145334
259,348.5,348.5,348.5,348.5,145310
259,348,348,348,348,145285
259,347.5,347.5,347.5,347.5,145261
259,347,347,347,347,145235
259,346.5,346.5,346.5,346.5,145210
259,346,346,346,346,145185
259,345.5,345.5,345.5,345.5,145160
259,345,345,345,345,145136
259,344.5,344.5,344.5,344.5,145109
259,344,344,344,344,145085
259,343.5,343.5,343.5,343.5,145061
259,343,343,343,343,145037
259,341.5,341.5,341.5,341.5,144960
259,340.5,340.5,340.5,340.5,144914
259,340,340,340,340,144886
259,339.5,339.5,339.5,339.5,144861
259,339,339,339,339,144837
259,338.5,338.5,338.5,338.5,144811
259,338,338,338,338,144786
259,337.5,337.5,337.5,337.5,144763
259,337,337,337,337,144738
259,336.5,336.5,336.5,336.5,144713
259,336,336,336,336,144687
259,335.5,335.5,335.5,335.5,144662
259,335,335,335,335,144638
259,334.5,334.5,334.5,334.5,144613
259,334,334,334,334,144588
259,333.5,333.5,333.5,333.5,144563
259,333,333,333,333,144537
259,332.5,332.5,332.5,332.5,144515
259,332,332,332,332,144489
259,331.5,331.5,331.5,331.5,144463
259,330.5,330.5,330.5,330.5,144413
259,330,330,330,330,144390
259,329.5,329.5,329.5,329.5,144366
259,329,329,329,329,144340
259,328.5,328.5,328.5,328.5,144315
259,328,328,328,328,144290
259,327.5,327.5,327.5,327.5,144265
259,327,327,327,327,144239
259,326.5,326.5,326.5,326.5,144215
259,326,326,326,326,144191
259,325.5,325.5,325.5,325.5,144167
259,325,325,325,325,144141
259,324.5,324.5,324.5,324.5,144115
259,324,324,324,324,144093
259,323.5,323.5,323.5,323.5,144066
259,323,323,323,323,144041
259,322.5,322.5,322.5,322.5,144016
259,322,322,322,322,143992
259,321.5,321.5,321.5,321.5,143968
259,321,321,321,321,143942
259,320.5,320.5,320.5,320.5,143916
259,320,320,320,320,143891
259,319.5,319.5,319.5,319.5,143867
259,319,319,319,319,143842
259,318.5,318.5,318.5,318.5,143817
259,318,318,318,318,143792
259,317,317,317,317,143746
259,316.5,316.5,316.5,316.5,143719
259,316,316,316,316,143693
259,313.5,313.5,313.5,313.5,143567
259,313,313,313,313,143545
259,312.5,312.5,312.5,312.5,143520
259,312,312,312,312,143493
259,311.5,311.5,311.5,311.5,143470
259,311,311,311,311,143445
259,310.5,310.5,310.5,310.5,143420
259,310,310,310,310,143395
259,309.5,309.5,309.5,309.5,143371
259,309,309,309,309,143345
259,308.5,308.5,308.5,308.5,143321
259,306,306,306,306,143195
259,305.5,305.5,305.5,305.5,143172
259,305,305,305,305,143145
259,304.5,304.5,304.5,304.5,143121
259,304,304,304,304,143097
259,303.5,303.5,303.5,303.5,143071
259,303,303,303,303,143046
259,302.5,302.5,302.5,302.5,143021
259,301.5,301.5,301.5,301.5,142973
259,301,301,301,301,142946
259,300.5,300.5,300.5,300.5,142922
259,300,300,300,300,142898
259,299.5,299.5,299.5,299.5,142872
259,299,299,299,299,142847
259,298.5,298.5,298.5,298.5,142822
259,298,298,298,298,142798
259,297.5,297.5,297.5,297.5,142775
259,297,297,297,297,142748
259,296.5,296.5,296.5,296.5,142723
259,296,296,296,296,142699
259,295.5,295.5,295.5,295.5,142673
259,295,295,295,295,142648
259,294.5,294.5,294.5,294.5,142626
259,294,294,294,294,142599
259,293.5,293.5,293.5,293.5,142575
259,291,291,291,291,142449
259,290.5,290.5,290.5,290.5,142425
259,290,290,290,290,142400
259,289.5,289.5,289.5,289.5,142376
259,289,289,289,289,142350
259,288.5,288.5,288.5,288.5,142325
259,288,288,288,288,142300
259,287.5,287.5,287.5,287.5,142275
259,286.5,286.5,286.5,286.5,142226
259,285.5,285.5,285.5,285.5,142178
259,285,285,285,285,142152
259,284.5,284.5,284.5,284.5,142127
259,284,284,284,284,142102
259,283.5,283.5,283.5,283.5,142076
259,283,283,283,283,142054
259,282.5,282.5,282.5,282.5,142029
259,282,282,282,282,142001
259,281.5,281.5,281.5,281.5,141977
259,281,281,281,281,141952
259,280.5,280.5,280.5,280.5,141930
259,280,280,280,280,141903
259,279.5,279.5,279.5,279.5,141877
259,279,279,279,279,141852
259,278.5,278.5,278.5,278.5,141827
259,278,278,278,278,141804
259,276.5,276.5,276.5,276.5,141727
259,276,276,276,276,141705
259,275.5,275.5,275.5,275.5,141680
259,275,275,275,275,141655
259,274.5,274.5,274.5,274.5,141629
259,274,274,274,274,141603
259,273.5,273.5,273.5,273.5,141578
259,273,273,273,273,141555
259,272.5,272.5,272.5,272.5,141529
259,271.5,271.5,271.5,271.5,141481
259,271,271,271,271,141456
259,270.5,270.5,270.5,270.5,141432
259,270,270,270,270,141405
259,269.5,269.5,269.5,269.5,141380
259,268.5,268.5,268.5,268.5,141330
259,268,268,268,268,141306
259,267.5,267.5,267.5,267.5,141282
259,267,267,267,267,141258
259,266,266,266,266,141206
259,265.5,265.5,265.5,265.5,141182
259,265,265,265,265,141157
259,264.5,264.5,264.5,264.5,141131
259,263.5,263.5,263.5,263.5,141081
259,263,263,263,263,141055
259,262.5,262.5,262.5,262.5,141033
259,262,262,262,262,141007
259,261.5,261.5,261.5,261.5,140982
259,261,261,261,261,140957
259,260.5,260.5,260.5,260.5,140932
259,260,260,260,260,140908
259,259.5,259.5,259.5,259.5,140884
259,259,259,259,259,140857
259,258,258,258,258,140807
259,257.5,257.5,257.5,257.5,140784
259,257,257,257,257,140759
259,256.5,256.5,256.5,256.5,140734
259,256,256,256,256,140708
259,255,255,255,255,140658
259,254.5,254.5,254.5,254.5,140635
259,254,254,254,254,140609
259,253.5,253.5,253.5,253.5,140585
259,253,253,253,253,140560
259,252.5,252.5,252.5,252.5,140535
259,252,252,252,252,140511
259,251.5,251.5,251.5,251.5,140486
259,251,251,251,251,140460
259,250.5,250.5,250.5,250.5,140434
259,250,250,250,250,140412
259,249.5,249.5,249.5,249.5,140386
259,249,249,249,249,140361
259,248.5,248.5,248.5,248.5,140337
259,248,248,248,248,140312
259,247.5,247.5,247.5,247.5,140286
259,247,247,247,247,140262
259,246.5,246.5,246.5,246.5,140237
259,246,246,246,246,140212
259,245.5,245.5,245.5,245.5,140186
259,245,245,245,245,140163
259,244.5,244.5,244.5,244.5,140138
259,244,244,244,244,140112
259,243.5,243.5,243.5,243.5,140086
259,243,243,243,243,140062
259,242.5,242.5,242.5,242.5,140037
259,242,242,242,242,140014
259,241.5,241.5,241.5,241.5,139988
259,241,241,241,241,139962
259,240.5,240.5,240.5,240.5,139941
259,240,240,240,240,139915
259,239.5,239.5,239.5,239.5,139889
259,239,239,239,239,139864
259,238.5,238.5,238.5,238.5,139839
259,238,238,238,238,139817
259,237.5,237.5,237.5,237.5,139791
259,237,237,237,237,139765
259,236.5,236.5,236.5,236.5,139739
259,235.5,235.5,235.5,235.5,139689
259,235,235,235,235,139666
259,234.5,234.5,234.5,234.5,139640
259,234,234,234,234,139616
259,233.5,233.5,233.5,233.5,139589
259,232.5,232.5,232.5,232.5,139542
259,232,232,232,232,139516
259,231.5,231.5,231.5,231.5,139491
259,231,231,231,231,139466
259,230.5,230.5,230.5,230.5,139443
259,230,230,230,230,139416
259,229.5,229.5,229.5,229.5,139391
259,229,229,229,229,139364
259,228.5,228.5,228.5,228.5,139343
259,228,228,228,228,139317
259,227.5,227.5,227.5,227.5,139292
259,227,227,227,227,139266
259,226,226,226,226,139216
259,225.5,225.5,225.5,225.5,139191
259,225,225,225,225,139168
259,224,224,224,224,139116
259,223.5,223.5,223.5,223.5,139093
259,223,223,223,223,139069
259,222.5,222.5,222.5,222.5,139045
259,222,222,222,222,139017
259,221.5,221.5,221.5,221.5,138993
259,221,221,221,221,138969
259,220.5,220.5,220.5,220.5,138942
259,220,220,220,220,138921
259,219.5,219.5,219.5,219.5,138895
259,219,219,219,219,138870
259,218.5,218.5,218.5,218.5,138844
259,218,218,218,218,138819
259,217.5,217.5,217.5,217.5,138795
259,217,217,217,217,138770
259,216.5,216.5,216.5,216.5,138745
259,216,216,216,216,138722
259,215.5,215.5,215.5,215.5,138696
259,215,215,215,215,138670
259,214.5,214.5,214.5,214.5,138646
259,214,214,214,214,138621
259,213.5,213.5,213.5,213.5,138596
259,213,213,213,213,138571
259,212.5,212.5,212.5,212.5,138546
259,212,212,212,212,138522
259,211.5,211.5,211.5,211.5,138495
259,211,211,211,211,138471
259,210.5,210.5,210.5,210.5,138447
259,210,210,210,210,138421
259,209.5,209.5,209.5,209.5,138396
259,209,209,209,209,138374
259,208.5,208.5,208.5,208.5,138347
259,208,208,208,208,138325
259,207.5,207.5,207.5,207.5,138297
259,207,207,207,207,138272
259,206,206,206,206,138222
259,205.5,205.5,205.5,205.5,138199
259,205,205,205,205,138176
259,204.5,204.5,204.5,204.5,138149
259,204,204,204,204,138123
259,203,203,203,203,138072
259,202.5,202.5,202.5,202.5,138050
259,202,202,202,202,138024
259,201.5,201.5,201.5,201.5,138000
259,200.5,200.5,200.5,200.5,137948
259,200,200,200,200,137924
259,199.5,199.5,199.5,199.5,137898
259,199,199,199,199,137875
259,198.5,198.5,198.5,198.5,137848
259,197.5,197.5,197.5,197.5,137802
259,197,197,197,197,137776
259,196.5,196.5,196.5,196.5,137748
259,196,196,196,196,137725
259,195.5,195.5,195.5,195.5,137700
259,195,195,195,195,137676
259,194.5,194.5,194.5,194.5,137650
259,194,194,194,194,137625
259,193.5,193.5,193.5,193.5,137601
259,192.5,192.5,192.5,192.5,137552
259,192,192,192,192,137526
259,191.5,191.5,191.5,191.5,137501
259,191,191,191,191,137476
259,190.5,190.5,190.5,190.5,137451
259,189.5,189.5,189.5,189.5,137401
259,189,189,189,189,137376
259,188.5,188.5,188.5,188.5,137353
259,188,188,188,188,137327
259,187.5,187.5,187.5,187.5,137301
259,186,186,186,186,137229
259,185.5,185.5,185.5,185.5,137204
259,185,185,185,185,137178
259,184.5,184.5,184.5,184.5,137154
259,184,184,184,184,137128
259,183.5,183.5,183.5,183.5,137104
259,183,183,183,183,137078
259,182,182,182,182,137028
259,181.5,181.5,181.5,181.5,137005
259,181,181,181,181,136980
259,180.5,180.5,180.5,180.5,136956
259,180,180,180,180,136930
259,179.5,179.5,179.5,179.5,136905
259,179,179,179,179,136879
259,178.5,178.5,178.5,178.5,136855
259,178,178,178,178,136832
259,177.5,177.5,177.5,177.5,136808
259,177,177,177,177,136780
259,176.5,176.5,176.5,176.5,136755
259,176,176,176,176,136731
259,175.5,175.5,175.5,175.5,136706
259,175,175,175,175,136680
259,174.5,174.5,174.5,174.5,136656
259,173.5,173.5,173.5,173.5,136605
259,172,172,172,172,136530
259,171.5,171.5,171.5,171.5,136507
259,171,171,171,171,136483
259,170.5,170.5,170.5,170.5,136458
259,169.5,169.5,169.5,169.5,136406
259,169,169,169,169,136381
259,168.5,168.5,168.5,168.5,136357
259,168,168,168,168,136333
259,167.5,167.5,167.5,167.5,136307
259,166.5,166.5,166.5,166.5,136260
259,166,166,166,166,136234
259,165.5,165.5,165.5,165.5,136209
259,165,165,165,165,136183
259,164.5,164.5,164.5,164.5,136158
259,164,164,164,164,136133
259,163.5,163.5,163.5,163.5,136109
259,163,163,163,163,136084
259,162.5,162.5,162.5,162.5,136060
259,162,162,162,162,136036
259,161.5,161.5,161.5,161.5,136008
259,161,161,161,161,135984
259,160.5,160.5,160.5,160.5,135959
259,160,160,160,160,135934
259,159.5,159.5,159.5,159.5,135909
259,159,159,159,159,135885
259,157,157,157,157,135785
259,156.5,156.5,156.5,156.5,135760
259,156,156,156,156,135737
259,155.5,155.5,155.5,155.5,135711
259,155,155,155,155,135688
259,154.5,154.5,154.5,154.5,135662
259,154,154,154,154,135637
259,153.5,153.5,153.5,153.5,135612
259,153,153,153,153,135586
259,152.5,152.5,152.5,152.5,135562
259,152,152,152,152,135536
259,151.5,151.5,151.5,151.5,135513
259,151,151,151,151,135488
259,150,150,150,150,135437
259,149,149,149,149,135388
259,148.5,148.5,148.5,148.5,135363
259,148,148,148,148,135337
259,147.5,147.5,147.5,147.5,135313
259,147,147,147,147,135289
259,146.5,146.5,146.5,146.5,135265
259,146,146,146,146,135239
259,145.5,145.5,145.5,145.5,135214
259,144.5,144.5,144.5,144.5,135164
259,144,144,144,144,135139
259,143.5,143.5,143.5,143.5,135114
259,143,143,143,143,135089
259,142.5,142.5,142.5,142.5,135066
259,142,142,142,142,135041
259,141.5,141.5,141.5,141.5,135015
259,141,141,141,141,134990
259,139.5,139.5,139.5,139.5,134915
259,139,139,139,139,134890
259,138,138,138,138,134840
259,137.5,137.5,137.5,137.5,134817
259,137,137,137,137,134792
259,136.5,136.5,136.5,136.5,134767
259,136,136,136,136,134742
259,135.5,135.5,135.5,135.5,134717
259,135,135,135,135,134693
259,134.5,134.5,134.5,134.5,134667
259,134,134,134,134,134642
259,133,133,133,133,134592
259,132.5,132.5,132.5,132.5,134567
259,132,132,132,132,134542
259,131.5,131.5,131.5,131.5,134516
259,131,131,131,131,134494
259,130.5,130.5,130.5,130.5,134469
259,130,130,130,130,134443
259,129.5,129.5,129.5,129.5,134418
259,129,129,129,129,134393
259,128.5,128.5,128.5,128.5,134368
259,128,128,128,128,134343
259,127.5,127.5,127.5,127.5,134319
259,127,127,127,127,134295
259,126.5,126.5,126.5,126.5,134271
259,126,126,126,126,134244
259,125,125,125,125,134193
259,122.5,122.5,122.5,122.5,134070
259,122,122,122,122,134046
259,121.5,121.5,121.5,121.5,134020
259,120,120,120,120,133944
259,119.5,119.5,119.5,119.5,133920
259,119,119,119,119,133896
259,118.5,118.5,118.5,118.5,133872
259,118,118,118,118,133847
259,117.5,117.5,117.5,117.5,133824
259,117,117,117,117,133796
259,116.5,116.5,116.5,116.5,133771
259,116,116,116,116,133746
259,115.5,115.5,115.5,115.5,133723
259,115,115,115,115,133699
259,114.5,114.5,114.5,114.5,133674
259,114,114,114,114,133647
259,113.5,113.5,113.5,113.5,133622
259,113,113,113,113,133598
259,112.5,112.5,112.5,112.5,133572
259,111,111,111,111,133496
259,109,109,109,109,133397
259,108.5,108.5,108.5,108.5,133375
259,108,108,108,108,133349
259,107.5,107.5,107.5,107.5,133324
259,107,107,107,107,133298
259,106.5,106.5,106.5,106.5,133273
259,106,106,106,106,133250
259,105.5,105.5,105.5,105.5,133226
259,105,105,105,105,133199
259,104.5,104.5,104.5,104.5,133175
259,104,104,104,104,133150
259,103.5,103.5,103.5,103.5,133125
259,103,103,103,103,133100
259,102.5,102.5,102.5,102.5,133076
259,102,102,102,102,133050
259,101.5,101.5,101.5,101.5,133024
259,101,101,101,101,132999
259,99,99,99,99,132900
259,98,98,98,98,132850
259,97.5,97.5,97.5,97.5,132827
259,97,97,97,97,132802
259,96.5,96.5,96.5,96.5,132777
259,94.5,94.5,94.5,94.5,132676
259,94,94,94,94,132653
259,93.5,93.5,93.5,93.5,132629
259,93,93,93,93,132603
259,92.5,92.5,92.5,92.5,132578
259,92,92,92,92,132553
259,91.5,91.5,91.5,91.5,132528
259,91,91,91,91,132504
259,90.5,90.5,90.5,90.5,132478
259,90,90,90,90,132453
259,89.5,89.5,89.5,89.5,132428
259,89,89,89,89,132406
259,88.5,88.5,88.5,88.5,132379
259,88,88,88,88,132354
259,87.5,87.5,87.5,87.5,132331
259,87,87,87,87,132305
259,86,86,86,86,132254
259,85.5,85.5,85.5,85.5,132228
259,85,85,85,85,132206
259,84.5,84.5,84.5,84.5,132180
259,84,84,84,84,132155
259,83.5,83.5,83.5,83.5,132130
259,83,83,83,83,132105
259,82.5,82.5,82.5,82.5,132081
259,82,82,82,82,132055
259,81,81,81,81,132005
259,79,79,79,79,131908
259,78,78,78,78,131858
259,77.5,77.5,77.5,77.5,131832
259,76,76,76,76,131757
259,75.5,75.5,75.5,75.5,131735
259,73.5,73.5,73.5,73.5,131632
259,72.5,72.5,72.5,72.5,131584
259,72,72,72,72,131558
259,71.5,71.5,71.5,71.5,131533
259,70.5,70.5,70.5,70.5,131483
259,70,70,70,70,131460
259,69.5,69.5,69.5,69.5,131436
259,68.5,68.5,68.5,68.5,131385
259,68,68,68,68,131359
259,67,67,67,67,131309
259,66.5,66.5,66.5,66.5,131284
259,66,66,66,66,131260
259,65,65,65,65,131212
259,62.5,62.5,62.5,62.5,131084
259,62,62,62,62,131062
259,60.5,60.5,60.5,60.5,130987
259,60,60,60,60,130961
259,59.5,59.5,59.5,59.5,130936
259,59,59,59,59,130912
259,58.5,58.5,58.5,58.5,130888
259,58,58,58,58,130862
259,56.5,56.5,56.5,56.5,130791
259,56,56,56,56,130762
259,54.5,54.5,54.5,54.5,130689
259,54,54,54,54,130664
259,52,52,52,52,130564
259,51.5,51.5,51.5,51.5,130538
259,50.5,50.5,50.5,50.5,130490
259,49.5,49.5,49.5,49.5,130439
259,49,49,49,49,130413
259,48.5,48.5,48.5,48.5,130390
259,47.5,47.5,47.5,47.5,130339
259,47,47,47,47,130315
259,46.5,46.5,46.5,46.5,130290
259,46,46,46,46,130265
259,45.5,45.5,45.5,45.5,130241
259,45,45,45,45,130217
259,44.5,44.5,44.5,44.5,130191
259,44,44,44,44,130166
259,43.5,43.5,43.5,43.5,130142
259,43,43,43,43,130116
259,41.5,41.5,41.5,41.5,130041
259,41,41,41,41,130019
259,40.5,40.5,40.5,40.5,129993
259,40,40,40,40,129968
259,39,39,39,39,129918
259,38.5,38.5,38.5,38.5,129893
259,38,38,38,38,129867
259,37.5,37.5,37.5,37.5,129844
259,37,37,37,37,129817
259,36.5,36.5,36.5,36.5,129795
259,35.5,35.5,35.5,35.5,129743
259,35,35,35,35,129719
259,34,34,34,34,129667
259,33.5,33.5,33.5,33.5,129643
259,33,33,33,33,129620
259,32.5,32.5,32.5,32.5,129595
259,32,32,32,32,129571
259,31.5,31.5,31.5,31.5,129544
259,31,31,31,31,129519
259,30.5,30.5,30.5,30.5,129494
259,30,30,30,30,129469
259,29.5,29.5,29.5,29.5,129446
259,28.5,28.5,28.5,28.5,129394
259,27.5,27.5,27.5,27.5,129348
259,25.5,25.5,25.5,25.5,129245
259,25,25,25,25,129222
259,24.5,24.5,24.5,24.5,129196
259,22.5,22.5,22.5,22.5,129096
259,22,22,22,22,129073
259,21.5,21.5,21.5,21.5,129048
259,21,21,21,21,129022
259,20.5,20.5,20.5,20.5,128998
259,20,20,20,20,128973
259,19.5,19.5,19.5,19.5,128947
259,19,19,19,19,128922
259,18.5,18.5,18.5,18.5,128898
259,18,18,18,18,128873
259,17,17,17,17,128823
259,16,16,16,16,128775
259,15.5,15.5,15.5,15.5,128748
259,15,15,15,15,128724
259,14.5,14.5,14.5,14.5,128698
259,13.5,13.5,13.5,13.5,128648
259,13,13,13,13,128625
259,12.5,12.5,12.5,12.5,128601
259,12,12,12,12,128576
259,11.5,11.5,11.5,11.5,128552
259,11,11,11,11,128526
259,10.5,10.5,10.5,10.5,128500
259,10,10,10,10,128476
259,9.5,9.5,9.5,9.5,128450
259,9,9,9,9,128425
259,8.5,8.5,8.5,8.5,128402
259,8,8,8,8,128376
259,7.5,7.5,7.5,7.5,128350
259,7,7,7,7,128327
259,6.5,6.5,6.5,6.5,128301
259,6,6,6,6,128276
259,5,5,5,5,128226
259,4.5,4.5,4.5,4.5,128203
259,4,4,4,4,128177
259,3.5,3.5,3.5,3.5,128152
259,3,3,3,3,128127
259,2.5,2.5,2.5,2.5,128102
259,2,2,2,2,128077
259,1.5,1.5,1.5,1.5,128054
259,1,1,1,1,128028
259,0.5,0.5,0.5,0.5,128003
259,0,0,0,0,127979
259,-0.5,-0.5,-0.5,-0.5,127953
259,-1,-1,-1,-1,127928
259,-1.5,-1.5,-1.5,-1.5,127902
259,-2,-2,-2,-2,127879
259,-2.5,-2.5,-2.5,-2.5,127855
259,-3,-3,-3,-3,127828
259,-5.5,-5.5,-5.5,-5.5,127703
259,-6.5,-6.5,-6.5,-6.5,127655
259,-7,-7,-7,-7,127632
259,-7.5,-7.5,-7.5,-7.5,127604
259,-8,-8,-8,-8,127579
259,-8.5,-8.5,-8.5,-8.5,127555
259,-9,-9,-9,-9,127530
259,-9.5,-9.5,-9.5,-9.5,127505
259,-10,-10,-10,-10,127479
259,-10.5,-10.5,-10.5,-10.5,127455
259,-11,-11,-11,-11,127430
259,-11.5,-11.5,-11.5,-11.5,127405
259,-12,-12,-12,-12,127381
259,-12.5,-12.5,-12.5,-12.5,127354
259,-13.5,-13.5,-13.5,-13.5,127310
259,-14,-14,-14,-14,127295
259,-15,-15,-15,-15,127231
259,-15.5,-15.5,-15.5,-15.5,127206
259,-16,-16,-16,-16,127182
259,-16.5,-16.5,-16.5,-16.5,127157
259,-17,-17,-17,-17,127131
259,-17.5,-17.5,-17.5,-17.5,127108
259,-18.5,-18.5,-18.5,-18.5,127057
259,-19,-19,-19,-19,127032
259,-20,-20,-20,-20,126982
259,-20.5,-20.5,-20.5,-20.5,126958
259,-21,-21,-21,-21,126933
259,-21.5,-21.5,-21.5,-21.5,126908
259,-22,-22,-22,-22,126883
259,-22.5,-22.5,-22.5,-22.5,126860
259,-23,-23,-23,-23,126835
259,-23.5,-23.5,-23.5,-23.5,126809
259,-24,-24,-24,-24,126784
259,-24.5,-24.5,-24.5,-24.5,126759
259,-25,-25,-25,-25,126733
259,-26,-26,-26,-26,126683
259,-26.5,-26.5,-26.5,-26.5,126660
259,-27,-27,-27,-27,126635
259,-27.5,-27.5,-27.5,-27.5,126612
259,-28,-28,-28,-28,126585
259,-28.5,-28.5,-28.5,-28.5,126560
259,-29,-29,-29,-29,126535
259,-29.5,-29.5,-29.5,-29.5,126511
259,-30,-30,-30,-30,126486
259,-31,-31,-31,-31,126435
259,-31.5,-31.5,-31.5,-31.5,126412
259,-32,-32,-32,-32,126389
259,-32.5,-32.5,-32.5,-32.5,126360
259,-33.5,-33.5,-33.5,-33.5,126310
259,-34,-34,-34,-34,126287
259,-34.5,-34.5,-34.5,-34.5,126263
259,-35,-35,-35,-35,126238
259,-35.5,-35.5,-35.5,-35.5,126212
259,-36,-36,-36,-36,126187
259,-36.5,-36.5,-36.5,-36.5,126163
259,-37,-37,-37,-37,126138
259,-38.5,-38.5,-38.5,-38.5,126062
259,-39.5,-39.5,-39.5,-39.5,126012
259,-40,-40,-40,-40,125987
259,-40.5,-40.5,-40.5,-40.5,125964
259,-42,-42,-42,-42,125887
259,-42.5,-42.5,-42.5,-42.5,125865
259,-43,-43,-43,-43,125840
259,-43.5,-43.5,-43.5,-43.5,125815
259,-44,-44,-44,-44,125790
259,-44.5,-44.5,-44.5,-44.5,125764
259,-45,-45,-45,-45,125741
259,-45.5,-45.5,-45.5,-45.5,125714
259,-46,-46,-46,-46,125689
259,-46.5,-46.5,-46.5,-46.5,125666
259,-47.5,-47.5,-47.5,-47.5,125614
259,-48,-48,-48,-48,125591
259,-48.5,-48.5,-48.5,-48.5,125565
259,-49.5,-49.5,-49.5,-49.5,125515
259,-50,-50,-50,-50,125493
259,-51,-51,-51,-51,125440
259,-51.5,-51.5,-51.5,-51.5,125417
259,-52,-52,-52,-52,125392
259,-52.5,-52.5,-52.5,-52.5,125368
259,-53,-53,-53,-53,125343
259,-53.5,-53.5,-53.5,-53.5,125317
259,-54,-54,-54,-54,125292
259,-54.5,-54.5,-54.5,-54.5,125266
259,-55,-55,-55,-55,125242
259,-55.5,-55.5,-55.5,-55.5,125217
259,-56,-56,-56,-56,125192
259,-56.5,-56.5,-56.5,-56.5,125168
259,-57.5,-57.5,-57.5,-57.5,125117
259,-58.5,-58.5,-58.5,-58.5,125068
259,-59,-59,-59,-59,125043
259,-60,-60,-60,-60,124995
259,-60.5,-60.5,-60.5,-60.5,124969
259,-62,-62,-62,-62,124893
259,-62.5,-62.5,-62.5,-62.5,124871
259,-63,-63,-63,-63,124846
259,-63.5,-63.5,-63.5,-63.5,124820
259,-64,-64,-64,-64,124795
259,-64.5,-64.5,-64.5,-64.5,124768
259,-65,-65,-65,-65,124746
259,-65.5,-65.5,-65.5,-65.5,124721
259,-66,-66,-66,-66,124697
259,-66.5,-66.5,-66.5,-66.5,124671
259,-67,-67,-67,-67,124646
259,-67.5,-67.5,-67.5,-67.5,124621
259,-68,-68,-68,-68,124596
259,-68.5,-68.5,-68.5,-68.5,124572
259,-69,-69,-69,-69,124550
259,-69.5,-69.5,-69.5,-69.5,124521
259,-70,-70,-70,-70,124497
259,-70.5,-70.5,-70.5,-70.5,124472
259,-71,-71,-71,-71,124445
259,-72,-72,-72,-72,124399
259,-72.5,-72.5,-72.5,-72.5,124371
259,-73,-73,-73,-73,124348
259,-73.5,-73.5,-73.5,-73.5,124322
259,-74,-74,-74,-74,124298
259,-74.5,-74.5,-74.5,-74.5,124274
259,-75,-75,-75,-75,124248
259,-75.5,-75.5,-75.5,-75.5,124224
259,-76,-76,-76,-76,124199
259,-76.5,-76.5,-76.5,-76.5,124173
259,-77,-77,-77,-77,124147
259,-78,-78,-78,-78,124102
259,-78.5,-78.5,-78.5,-78.5,124074
259,-79,-79,-79,-79,124049
259,-80,-80,-80,-80,123998
259,-80.5,-80.5,-80.5,-80.5,123977
259,-81,-81,-81,-81,123951
259,-82,-82,-82,-82,123899
259,-82.5,-82.5,-82.5,-82.5,123874
259,-83,-83,-83,-83,123850
259,-83.5,-83.5,-83.5,-83.5,123826
259,-84,-84,-84,-84,123802
259,-84.5,-84.5,-84.5,-84.5,123777
259,-85,-85,-85,-85,123750
259,-85.5,-85.5,-85.5,-85.5,123726
259,-86,-86,-86,-86,123701
259,-86.5,-86.5,-86.5,-86.5,123676
259,-87.5,-87.5,-87.5,-87.5,123625
259,-88,-88,-88,-88,123602
259,-88.5,-88.5,-88.5,-88.5,123577
259,-90.5,-90.5,-90.5,-90.5,123476
259,-91.5,-91.5,-91.5,-91.5,123426
259,-92,-92,-92,-92,123401
259,-92.5,-92.5,-92.5,-92.5,123378
259,-93,-93,-93,-93,123353
259,-93.5,-93.5,-93.5,-93.5,123328
259,-94,-94,-94,-94,123303
259,-94.5,-94.5,-94.5,-94.5,123278
259,-95,-95,-95,-95,123252
259,-95.5,-95.5,-95.5,-95.5,123229
259,-96,-96,-96,-96,123205
259,-96.5,-96.5,-96.5,-96.5,123179
259,-97,-97,-97,-97,123154
259,-97.5,-97.5,-97.5,-97.5,123130
259,-98,-98,-98,-98,123104
259,-98.5,-98.5,-98.5,-98.5,123079
259,-99,-99,-99,-99,123057
259,-99.5,-99.5,-99.5,-99.5,123028
259,-100,-100,-100,-100,123006
259,-100.5,-100.5,-100.5,-100.5,122981
259,-101,-101,-101,-101,122954
259,-101.5,-101.5,-101.5,-101.5,122932
259,-102,-102,-102,-102,122906
259,-102.5,-102.5,-102.5,-102.5,122878
259,-103,-103,-103,-103,122855
259,-103.5,-103.5,-103.5,-103.5,122830
259,-104.5,-104.5,-104.5,-104.5,122781
259,-105,-105,-105,-105,122758
259,-105.5,-105.5,-105.5,-105.5,122731
259,-106,-106,-106,-106,122707
259,-106.5,-106.5,-106.5,-106.5,122682
259,-108.5,-108.5,-108.5,-108.5,122582
259,-109,-109,-109,-109,122556
259,-109.5,-109.5,-109.5,-109.5,122532
259,-112,-112,-112,-112,122407
259,-113,-113,-113,-113,122357
259,-115.5,-115.5,-115.5,-115.5,122233
259,-116,-116,-116,-116,122209
259,-116.5,-116.5,-116.5,-116.5,122184
259,-117,-117,-117,-117,122162
259,-117.5,-117.5,-117.5,-117.5,122133
259,-118,-118,-118,-118,122109
259,-118.5,-118.5,-118.5,-118.5,122084
259,-119,-119,-119,-119,122060
259,-119.5,-119.5,-119.5,-119.5,122035
259,-120,-120,-120,-120,122012
259,-120.5,-120.5,-120.5,-120.5,121984
259,-121,-121,-121,-121,121959
259,-121.5,-121.5,-121.5,-121.5,121935
259,-122,-122,-122,-122,121910
259,-122.5,-122.5,-122.5,-122.5,121885
259,-123,-123,-123,-123,121860
259,-123.5,-123.5,-123.5,-123.5,121836
259,-124,-124,-124,-124,121812
259,-124.5,-124.5,-124.5,-124.5,121785
259,-125,-125,-125,-125,121761
259,-125.5,-125.5,-125.5,-125.5,121735
259,-126,-126,-126,-126,121712
259,-126.5,-126.5,-126.5,-126.5,121687
259,-127,-127,-127,-127,121662
259,-137,-137,-137,-137,121165
259,-137.5,-137.5,-137.5,-137.5,121140
259,-138,-138,-138,-138,121114
259,-138.5,-138.5,-138.5,-138.5,121089
259,-139,-139,-139,-139,121064
259,-139.5,-139.5,-139.5,-139.5,121041
259,-141,-141,-141,-141,120964
259,-141.5,-141.5,-141.5,-141.5,120942
259,-142,-142,-142,-142,120916
259,-142.5,-142.5,-142.5,-142.5,120891
259,-143,-143,-143,-143,120866
259,-143.5,-143.5,-143.5,-143.5,120841
259,-144,-144,-144,-144,120818
259,-144.5,-144.5,-144.5,-144.5,120793
259,-145,-145,-145,-145,120766
259,-145.5,-145.5,-145.5,-145.5,120743
259,-146,-146,-146,-146,120718
259,-146.5,-146.5,-146.5,-146.5,120692
259,-147,-147,-147,-147,120667
259,-147.5,-147.5,-147.5,-147.5,120642
259,-148,-148,-148,-148,120618
259,-148.5,-148.5,-148.5,-148.5,120594
259,-149,-149,-149,-149,120568
259,-149.5,-149.5,-149.5,-149.5,120542
259,-150,-150,-150,-150,120517
259,-151,-151,-151,-151,120467
259,-158,-158,-158,-158,120119
259,-159,-159,-159,-159,120069
259,-159.5,-159.5,-159.5,-159.5,120046
259,-160,-160,-160,-160,120021
259,-160.5,-160.5,-160.5,-160.5,119996
259,-161,-161,-161,-161,119971
259,-161.5,-161.5,-161.5,-161.5,119948
259,-162,-162,-162,-162,119921
259,-162.5,-162.5,-162.5,-162.5,119897
259,-164.5,-164.5,-164.5,-164.5,119796
259,-165.5,-165.5,-165.5,-165.5,119749
259,-166,-166,-166,-166,119724
259,-167,-167,-167,-167,119672
259,-167.5,-167.5,-167.5,-167.5,119647
259,-168,-168,-168,-168,119623
259,-168.5,-168.5,-168.5,-168.5,119598
259,-169,-169,-169,-169,119577
259,-171,-171,-171,-171,119473
259,-171.5,-171.5,-171.5,-171.5,119450
259,-172,-172,-172,-172,119424
259,-172.5,-172.5,-172.5,-172.5,119399
259,-173,-173,-173,-173,119378
259,-173.5,-173.5,-173.5,-173.5,119348
259,-174,-174,-174,-174,119325
259,-175,-175,-175,-175,119273
259,-176,-176,-176,-176,119225
259,-192,-192,-192,-192,118430
259,-192.5,-192.5,-192.5,-192.5,118407
259,-193,-193,-193,-193,118380
259,-193.5,-193.5,-193.5,-193.5,118355
259,-194,-194,-194,-194,118329
259,-195,-195,-195,-195,118281
259,-195.5,-195.5,-195.5,-195.5,118255
259,-196,-196,-196,-196,118233
259,-196.5,-196.5,-196.5,-196.5,118208
259,-197,-197,-197,-197,118181
259,-197.5,-197.5,-197.5,-197.5,118156
259,-198,-198,-198,-198,118130
259,-199,-199,-199,-199,118083
259,-215,-215,-215,-215,117286
259,-215.5,-215.5,-215.5,-215.5,117261
259,-216,-216,-216,-216,117236
259,-216.5,-216.5,-216.5,-216.5,117211
259,-217,-217,-217,-217,117186
259,-217.5,-217.5,-217.5,-217.5,117161
259,-218,-218,-218,-218,117138
259,-218.5,-218.5,-218.5,-218.5,117112
259,-219,-219,-219,-219,117087
259,-220.5,-220.5,-220.5,-220.5,117011
259,-221,-221,-221,-221,116989
259,-221.5,-221.5,-221.5,-221.5,116963
259,-222,-222,-222,-222,116939
259,-229,-229,-229,-229,116592
259,-229.5,-229.5,-229.5,-229.5,116565
259,-230,-230,-230,-230,116540
259,-230.5,-230.5,-230.5,-230.5,116515
259,-231,-231,-231,-231,116490
259,-231.5,-231.5,-231.5,-231.5,116466
259,-232,-232,-232,-232,116440
259,-232.5,-232.5,-232.5,-232.5,116416
259,-233,-233,-233,-233,116390
259,-233.5,-233.5,-233.5,-233.5,116365
259,-234,-234,-234,-234,116341
259,-235,-235,-235,-235,116290
259,-236,-236,-236,-236,116242
259,-264.5,-264.5,-264.5,-264.5,114824
259,-266,-266,-266,-266,114749
259,-267,-267,-267,-267,114699
259,-268.5,-268.5,-268.5,-268.5,114628
259,-269,-269,-269,-269,114602
259,-269.5,-269.5,-269.5,-269.5,114576
259,-270,-270,-270,-270,114551
259,-270.5,-270.5,-270.5,-270.5,114526
259,-271,-271,-271,-271,114501
259,-271.5,-271.5,-271.5,-271.5,114476
259,-272,-272,-272,-272,114451
259,-272.5,-272.5,-272.5,-272.5,114428
259,-273,-273,-273,-273,114404
259,-273.5,-273.5,-273.5,-273.5,114376
259,-274,-274,-274,-274,114351
259,-274.5,-274.5,-274.5,-274.5,114328
259,-275,-275,-275,-275,114302
259,-276,-276,-276,-276,114252
259,-276.5,-276.5,-276.5,-276.5,114229
259,-277,-277,-277,-277,114205
259,-277.5,-277.5,-277.5,-277.5,114179
259,-278,-278,-278,-278,114154
259,-278.5,-278.5,-278.5,-278.5,114128
259,-279,-279,-279,-279,114104
259,-279.5,-279.5,-279.5,-279.5,114080
259,-280,-280,-280,-280,114054
259,-280.5,-280.5,-280.5,-280.5,114029
259,-281,-281,-281,-281,114005
259,-282,-282,-282,-282,113954
259,-282.5,-282.5,-282.5,-282.5,113930
259,-283,-283,-283,-283,113904
259,-283.5,-283.5,-283.5,-283.5,113880
259,-284,-284,-284,-284,113857
259,-284.5,-284.5,-284.5,-284.5,113829
259,-285,-285,-285,-285,113805
259,-285.5,-285.5,-285.5,-285.5,113783
259,-286,-286,-286,-286,113755
259,-287,-287,-287,-287,113705
259,-288,-288,-288,-288,113658
259,-288.5,-288.5,-288.5,-288.5,113632
259,-289,-289,-289,-289,113607
259,-291,-291,-291,-291,113506
259,-291.5,-291.5,-291.5,-291.5,113483
259,-292,-292,-292,-292,113459
259,-292.5,-292.5,-292.5,-292.5,113433
259,-293,-293,-293,-293,113408
259,-293.5,-293.5,-293.5,-293.5,113382
259,-294,-294,-294,-294,113359
259,-294.5,-294.5,-294.5,-294.5,113335
259,-295,-295,-295,-295,113308
259,-296,-296,-296,-296,113257
259,-297.5,-297.5,-297.5,-297.5,113184
259,-305,-305,-305,-305,112812
259,-305.5,-305.5,-305.5,-305.5,112786
259,-307,-307,-307,-307,112712
259,-308.5,-308.5,-308.5,-308.5,112636
259,-309,-309,-309,-309,112613
259,-309.5,-309.5,-309.5,-309.5,112588
259,-310,-310,-310,-310,112562
259,-310.5,-310.5,-310.5,-310.5,112538
259,-311,-311,-311,-311,112513
259,-311.5,-311.5,-311.5,-311.5,112488
259,-312,-312,-312,-312,112463
259,-312.5,-312.5,-312.5,-312.5,112439
259,-313,-313,-313,-313,112413
259,-313.5,-313.5,-313.5,-313.5,112389
259,-314,-314,-314,-314,112365
259,-314.5,-314.5,-314.5,-314.5,112339
259,-317,-317,-317,-317,112214
259,-317.5,-317.5,-317.5,-317.5,112190
259,-318,-318,-318,-318,112166
259,-318.5,-318.5,-318.5,-318.5,112139
259,-319,-319,-319,-319,112116
259,-319.5,-319.5,-319.5,-319.5,112090
259,-320,-320,-320,-320,112065
259,-320.5,-320.5,-320.5,-320.5,112041
259,-321,-321,-321,-321,112015
259,-322,-322,-322,-322,111968
259,-329.5,-329.5,-329.5,-329.5,111592
259,-330,-330,-330,-330,111567
259,-330.5,-330.5,-330.5,-330.5,111543
259,-332,-332,-332,-332,111468
259,-332.5,-332.5,-332.5,-332.5,111445
259,-333.5,-333.5,-333.5,-333.5,111394
259,-334,-334,-334,-334,111368
259,-334.5,-334.5,-334.5,-334.5,111344
259,-335,-335,-335,-335,111320
259,-335.5,-335.5,-335.5,-335.5,111294
259,-336.5,-336.5,-336.5,-336.5,111243
259,-337.5,-337.5,-337.5,-337.5,111196
259,-338,-338,-338,-338,111170
259,-338.5,-338.5,-338.5,-338.5,111145
259,-339,-339,-339,-339,111120
259,-339.5,-339.5,-339.5,-339.5,111094
259,-340,-340,-340,-340,111071
259,-340.5,-340.5,-340.5,-340.5,111046
259,-341,-341,-341,-341,111021
259,-341.5,-341.5,-341.5,-341.5,110998
259,-342,-342,-342,-342,110970
259,-342.5,-342.5,-342.5,-342.5,110946
259,-343,-343,-343,-343,110922
259,-343.5,-343.5,-343.5,-343.5,110896
259,-344,-344,-344,-344,110870
259,-351,-351,-351,-351,110523
259,-351.5,-351.5,-351.5,-351.5,110498
259,-352,-352,-352,-352,110476
259,-352.5,-352.5,-352.5,-352.5,110449
259,-353,-353,-353,-353,110424
259,-353.5,-353.5,-353.5,-353.5,110401
259,-354,-354,-354,-354,110375
259,-354.5,-354.5,-354.5,-354.5,110349
259,-357,-357,-357,-357,110224
259,-357.5,-357.5,-357.5,-357.5,110202
259,-358,-358,-358,-358,110176
259,-358.5,-358.5,-358.5,-358.5,110151
259,-359,-359,-359,-359,110125
259,-368,-368,-368,-368,109677
259,-368.5,-368.5,-368.5,-368.5,109653
259,-369,-369,-369,-369,109628
259,-370,-370,-370,-370,109578
259,-370.5,-370.5,-370.5,-370.5,109555
259,-372,-372,-372,-372,109479
259,-372.5,-372.5,-372.5,-372.5,109455
259,-373,-373,-373,-373,109430
259,-373.5,-373.5,-373.5,-373.5,109406
259,-374,-374,-374,-374,109379
259,-374.5,-374.5,-374.5,-374.5,109356
259,-375,-375,-375,-375,109331
259,-375.5,-375.5,-375.5,-375.5,109305
259,-376,-376,-376,-376,109279
259,-376.5,-376.5,-376.5,-376.5,109256
259,-377,-377,-377,-377,109229
259,-377.5,-377.5,-377.5,-377.5,109204
259,-378,-378,-378,-378,109182
259,-378.5,-378.5,-378.5,-378.5,109156
259,-379,-379,-379,-379,109131
259,-379.5,-379.5,-379.5,-379.5,109107
259,-380,-380,-380,-380,109081
259,-380.5,-380.5,-380.5,-380.5,109056
259,-381,-381,-381,-381,109032
259,-383,-383,-383,-383,108931
259,-383.5,-383.5,-383.5,-383.5,108906
259,-399,-399,-399,-399,108138
259,-399.5,-399.5,-399.5,-399.5,108113
259,-400,-400,-400,-400,108087
259,-400.5,-400.5,-400.5,-400.5,108063
259,-401,-401,-401,-401,108037
259,-401.5,-401.5,-401.5,-401.5,108012
259,-402.5,-402.5,-402.5,-402.5,107965
259,-403,-403,-403,-403,107937
259,-404,-404,-404,-404,107887
259,-404.5,-404.5,-404.5,-404.5,107863
259,-405,-405,-405,-405,107836
259,-406,-406,-406,-406,107789
259,-406.5,-406.5,-406.5,-406.5,107764
259,-404.5,-404.5,-404.5,-404.5,107366
259,-404,-404,-404,-404,107342
259,-403.5,-403.5,-403.5,-403.5,107315
259,-403,-403,-403,-403,107291
259,-402.5,-402.5,-402.5,-402.5,107266
259,-402,-402,-402,-402,107241
259,-401.5,-401.5,-401.5,-401.5,107216
259,-401,-401,-401,-401,107192
259,-400.5,-400.5,-400.5,-400.5,107168
259,-400,-400,-400,-400,107142
259,-397,-397,-397,-397,106991
259,-396,-396,-396,-396,106942
259,-395.5,-395.5,-395.5,-395.5,106918
259,-388,-388,-388,-388,106544
259,-387,-387,-387,-387,106494
259,-385.5,-385.5,-385.5,-385.5,106421
259,-385,-385,-385,-385,106395
259,-384.5,-384.5,-384.5,-384.5,106371
259,-384,-384,-384,-384,106347
259,-382.5,-382.5,-382.5,-382.5,106271
259,-382,-382,-382,-382,106247
259,-381.5,-381.5,-381.5,-381.5,106222
259,-381,-381,-381,-381,106198
259,-380.5,-380.5,-380.5,-380.5,106172
259,-380,-380,-380,-380,106147
259,-379.5,-379.5,-379.5,-379.5,106121
259,-379,-379,-379,-379,106098
259,-378.5,-378.5,-378.5,-378.5,106073
259,-378,-378,-378,-378,106048
259,-377,-377,-377,-377,106000
259,-376.5,-376.5,-376.5,-376.5,105973
259,-376,-376,-376,-376,105947
259,-375.5,-375.5,-375.5,-375.5,105922
259,-375,-375,-375,-375,105899
259,-374,-374,-374,-374,105852
259,-369.5,-369.5,-369.5,-369.5,105624
259,-369,-369,-369,-369,105601
259,-368.5,-368.5,-368.5,-368.5,105576
259,-368,-368,-368,-368,105551
259,-345,-345,-345,-345,104406
259,-344.5,-344.5,-344.5,-344.5,104380
259,-344,-344,-344,-344,104357
259,-343.5,-343.5,-343.5,-343.5,104332
259,-343,-343,-343,-343,104307
259,-342.5,-342.5,-342.5,-342.5,104284
259,-342,-342,-342,-342,104259
259,-341.5,-341.5,-341.5,-341.5,104233
259,-340.5,-340.5,-340.5,-340.5,104182
259,-339.5,-339.5,-339.5,-339.5,104136
259,-339,-339,-339,-339,104109
259,-338.5,-338.5,-338.5,-338.5,104084
259,-331,-331,-331,-331,103712
259,-330.5,-330.5,-330.5,-330.5,103686
259,-330,-330,-330,-330,103661
259,-329.5,-329.5,-329.5,-329.5,103636
259,-329,-329,-329,-329,103612
259,-328.5,-328.5,-328.5,-328.5,103586
259,-328,-328,-328,-328,103561
259,-327.5,-327.5,-327.5,-327.5,103537
259,-327,-327,-327,-327,103513
259,-326.5,-326.5,-326.5,-326.5,103487
259,-326,-326,-326,-326,103462
259,-325.5,-325.5,-325.5,-325.5,103436
259,-324,-324,-324,-324,103364
259,-301.5,-301.5,-301.5,-301.5,102244
259,-300.5,-300.5,-300.5,-300.5,102198
259,-300,-300,-300,-300,102169
259,-299.5,-299.5,-299.5,-299.5,102144
259,-299,-299,-299,-299,102119
259,-298.5,-298.5,-298.5,-298.5,102095
259,-298,-298,-298,-298,102070
259,-296,-296,-296,-296,101970
259,-295,-295,-295,-295,101919
259,-294.5,-294.5,-294.5,-294.5,101897
259,-294,-294,-294,-294,101872
259,-293.5,-293.5,-293.5,-293.5,101846
259,-293,-293,-293,-293,101820
259,-292.5,-292.5,-292.5,-292.5,101798
259,-292,-292,-292,-292,101771
259,-291.5,-291.5,-291.5,-291.5,101747
259,-291,-291,-291,-291,101722
259,-290.5,-290.5,-290.5,-290.5,101698
259,-290,-290,-290,-290,101673
259,-289.5,-289.5,-289.5,-289.5,101649
259,-289,-289,-289,-289,101622
259,-288.5,-288.5,-288.5,-288.5,101597
259,-288,-288,-288,-288,101572
259,-287.5,-287.5,-287.5,-287.5,101548
259,-287,-287,-287,-287,101523
259,-285,-285,-285,-285,101421
259,-274.5,-274.5,-274.5,-274.5,100901
259,-273,-273,-273,-273,100826
259,-272.5,-272.5,-272.5,-272.5,100800
259,-272,-272,-272,-272,100777
259,-271.5,-271.5,-271.5,-271.5,100752
259,-270.5,-270.5,-270.5,-270.5,100701
259,-270,-270,-270,-270,100677
259,-269.5,-269.5,-269.5,-269.5,100653
259,-268.5,-268.5,-268.5,-268.5,100601
259,-268,-268,-268,-268,100578
259,-267.5,-267.5,-267.5,-267.5,100553
259,-267,-267,-267,-267,100530
259,-258,-258,-258,-258,100080
259,-257.5,-257.5,-257.5,-257.5,100055
259,-257,-257,-257,-257,100030
259,-256,-256,-256,-256,99984
259,-255.5,-255.5,-255.5,-255.5,99956
259,-255,-255,-255,-255,99932
259,-254.5,-254.5,-254.5,-254.5,99907
259,-254,-254,-254,-254,99881
259,-253.5,-253.5,-253.5,-253.5,99857
259,-253,-253,-253,-253,99832
259,-252.5,-252.5,-252.5,-252.5,99808
259,-252,-252,-252,-252,99785
259,-251.5,-251.5,-251.5,-251.5,99757
259,-250.5,-250.5,-250.5,-250.5,99706
259,-249.5,-249.5,-249.5,-249.5,99660
259,-249,-249,-249,-249,99632
259,-248.5,-248.5,-248.5,-248.5,99607
259,-248,-248,-248,-248,99582
259,-247.5,-247.5,-247.5,-247.5,99559
259,-247,-247,-247,-247,99534
259,-246.5,-246.5,-246.5,-246.5,99509
259,-246,-246,-246,-246,99483
259,-245.5,-245.5,-245.5,-245.5,99461
259,-245,-245,-245,-245,99435
259,-244.5,-244.5,-244.5,-244.5,99409
259,-244,-244,-244,-244,99385
259,-243.5,-243.5,-243.5,-243.5,99360
259,-243,-243,-243,-243,99335
259,-242.5,-242.5,-242.5,-242.5,99310
259,-242,-242,-242,-242,99286
259,-241.5,-241.5,-241.5,-241.5,99260
259,-241,-241,-241,-241,99237
259,-239.5,-239.5,-239.5,-239.5,99161
259,-239,-239,-239,-239,99136
259,-238.5,-238.5,-238.5,-238.5,99111
259,-237.5,-237.5,-237.5,-237.5,99063
259,-237,-237,-237,-237,99038
259,-236.5,-236.5,-236.5,-236.5,99014
259,-236,-236,-236,-236,98987
259,-235.5,-235.5,-235.5,-235.5,98962
259,-235,-235,-235,-235,98937
259,-234.5,-234.5,-234.5,-234.5,98913
259,-234,-234,-234,-234,98889
259,-233.5,-233.5,-233.5,-233.5,98861
259,-233,-233,-233,-233,98838
259,-231.5,-231.5,-231.5,-231.5,98762
259,-231,-231,-231,-231,98739
259,-230.5,-230.5,-230.5,-230.5,98715
259,-230,-230,-230,-230,98688
259,-229.5,-229.5,-229.5,-229.5,98664
259,-229,-229,-229,-229,98639
259,-228.5,-228.5,-228.5,-228.5,98614
259,-227,-227,-227,-227,98538
259,-226.5,-226.5,-226.5,-226.5,98515
259,-226,-226,-226,-226,98490
259,-225.5,-225.5,-225.5,-225.5,98465
259,-225,-225,-225,-225,98440
259,-224.5,-224.5,-224.5,-224.5,98415
259,-224,-224,-224,-224,98390
259,-223.5,-223.5,-223.5,-223.5,98366
259,-223,-223,-223,-223,98340
259,-222.5,-222.5,-222.5,-222.5,98318
259,-221.5,-221.5,-221.5,-221.5,98266
259,-221,-221,-221,-221,98242
259,-220.5,-220.5,-220.5,-220.5,98217
259,-220,-220,-220,-220,98193
259,-219.5,-219.5,-219.5,-219.5,98166
259,-219,-219,-219,-219,98142
259,-218.5,-218.5,-218.5,-218.5,98117
259,-218,-218,-218,-218,98092
259,-217.5,-217.5,-217.5,-217.5,98067
259,-217,-217,-217,-217,98042
259,-216.5,-216.5,-216.5,-216.5,98018
259,-216,-216,-216,-216,97993
259,-215.5,-215.5,-215.5,-215.5,97972
259,-215,-215,-215,-215,97943
259,-214.5,-214.5,-214.5,-214.5,97918
259,-214,-214,-214,-214,97893
259,-213.5,-213.5,-213.5,-213.5,97869
259,-213,-213,-213,-213,97844
259,-212.5,-212.5,-212.5,-212.5,97819
259,-212,-212,-212,-212,97794
259,-211.5,-211.5,-211.5,-211.5,97773
259,-211,-211,-211,-211,97744
259,-210.5,-210.5,-210.5,-210.5,97719
259,-210,-210,-210,-210,97694
259,-209.5,-209.5,-209.5,-209.5,97670
259,-209,-209,-209,-209,97645
259,-208.5,-208.5,-208.5,-208.5,97621
259,-208,-208,-208,-208,97596
259,-207.5,-207.5,-207.5,-207.5,97572
259,-207,-207,-207,-207,97545
259,-206.5,-206.5,-206.5,-206.5,97521
259,-206,-206,-206,-206,97495
259,-205.5,-205.5,-205.5,-205.5,97470
259,-205,-205,-205,-205,97446
259,-204.5,-204.5,-204.5,-204.5,97420
259,-204,-204,-204,-204,97396
259,-203.5,-203.5,-203.5,-203.5,97370
259,-203,-203,-203,-203,97346
259,-202.5,-202.5,-202.5,-202.5,97322
259,-202,-202,-202,-202,97297
259,-201.5,-201.5,-201.5,-201.5,97272
259,-200.5,-200.5,-200.5,-200.5,97223
259,-200,-200,-200,-200,97196
259,-199.5,-199.5,-199.5,-199.5,97172
259,-199,-199,-199,-199,97147
259,-198.5,-198.5,-198.5,-198.5,97123
259,-198,-198,-198,-198,97098
259,-196,-196,-196,-196,96996
259,-195.5,-195.5,-195.5,-195.5,96972
259,-195,-195,-195,-195,96950
259,-194.5,-194.5,-194.5,-194.5,96923
259,-194,-194,-194,-194,96898
259,-193.5,-193.5,-193.5,-193.5,96873
259,-193,-193,-193,-193,96849
259,-192.5,-192.5,-192.5,-192.5,96827
259,-192,-192,-192,-192,96800
259,-191.5,-191.5,-191.5,-191.5,96773
259,-191,-191,-191,-191,96751
259,-186,-186,-186,-186,96499
259,-185.5,-185.5,-185.5,-185.5,96474
259,-185,-185,-185,-185,96451
259,-184.5,-184.5,-184.5,-184.5,96426
259,-184,-184,-184,-184,96403
259,-183.5,-183.5,-183.5,-183.5,96377
259,-182.5,-182.5,-182.5,-182.5,96327
259,-182,-182,-182,-182,96302
259,-181.5,-181.5,-181.5,-181.5,96278
259,-179.5,-179.5,-179.5,-179.5,96177
259,-179,-179,-179,-179,96153
259,-178.5,-178.5,-178.5,-178.5,96127
259,-178,-178,-178,-178,96104
259,-177,-177,-177,-177,96053
259,-176,-176,-176,-176,96003
259,-175.5,-175.5,-175.5,-175.5,95979
259,-175,-175,-175,-175,95953
259,-174.5,-174.5,-174.5,-174.5,95929
259,-174,-174,-174,-174,95904
259,-173.5,-173.5,-173.5,-173.5,95879
259,-173,-173,-173,-173,95855
259,-172.5,-172.5,-172.5,-172.5,95830
259,-172,-172,-172,-172,95805
259,-171,-171,-171,-171,95753
259,-170.5,-170.5,-170.5,-170.5,95731
259,-170,-170,-170,-170,95706
259,-169.5,-169.5,-169.5,-169.5,95682
259,-169,-169,-169,-169,95655
259,-168.5,-168.5,-168.5,-168.5,95632
259,-168,-168,-168,-168,95605
259,-167,-167,-167,-167,95556
259,-166.5,-166.5,-166.5,-166.5,95531
259,-166,-166,-166,-166,95507
259,-165.5,-165.5,-165.5,-165.5,95482
259,-165,-165,-165,-165,95457
259,-164.5,-164.5,-164.5,-164.5,95432
259,-164,-164,-164,-164,95407
259,-163.5,-163.5,-163.5,-163.5,95382
259,-163,-163,-163,-163,95357
259,-162.5,-162.5,-162.5,-162.5,95332
259,-162,-162,-162,-162,95308
259,-161.5,-161.5,-161.5,-161.5,95283
259,-160.5,-160.5,-160.5,-160.5,95233
259,-160,-160,-160,-160,95208
259,-159.5,-159.5,-159.5,-159.5,95183
259,-158.5,-158.5,-158.5,-158.5,95133
259,-158,-158,-158,-158,95108
259,-157.5,-157.5,-157.5,-157.5,95085
259,-157,-157,-157,-157,95060
259,-156.5,-156.5,-156.5,-156.5,95035
259,-156,-156,-156,-156,95009
259,-155,-155,-155,-155,94960
259,-154.5,-154.5,-154.5,-154.5,94934
259,-154,-154,-154,-154,94911
259,-153.5,-153.5,-153.5,-153.5,94884
259,-153,-153,-153,-153,94861
259,-152.5,-152.5,-152.5,-152.5,94836
259,-152,-152,-152,-152,94810
259,-151.5,-151.5,-151.5,-151.5,94786
259,-151,-151,-151,-151,94760
259,-150.5,-150.5,-150.5,-150.5,94734
259,-150,-150,-150,-150,94711
259,-149,-149,-149,-149,94661
259,-148.5,-148.5,-148.5,-148.5,94635
259,-148,-148,-148,-148,94610
259,-147,-147,-147,-147,94562
259,-146.5,-146.5,-146.5,-146.5,94537
259,-146,-146,-146,-146,94512
259,-145.5,-145.5,-145.5,-145.5,94487
259,-145,-145,-145,-145,94462
259,-144.5,-144.5,-144.5,-144.5,94437
259,-144,-144,-144,-144,94412
259,-143.5,-143.5,-143.5,-143.5,94387
259,-143,-143,-143,-143,94362
259,-142.5,-142.5,-142.5,-142.5,94336
259,-142,-142,-142,-142,94313
259,-141.5,-141.5,-141.5,-141.5,94288
259,-141,-141,-141,-141,94264
259,-140.5,-140.5,-140.5,-140.5,94240
259,-140,-140,-140,-140,94213
259,-139.5,-139.5,-139.5,-139.5,94188
259,-139,-139,-139,-139,94163
259,-138.5,-138.5,-138.5,-138.5,94138
259,-138,-138,-138,-138,94113
259,-137.5,-137.5,-137.5,-137.5,94089
259,-137,-137,-137,-137,94065
259,-135.5,-135.5,-135.5,-135.5,93990
259,-135,-135,-135,-135,93965
259,-134.5,-134.5,-134.5,-134.5,93940
259,-134,-134,-134,-134,93915
259,-133.5,-133.5,-133.5,-133.5,93890
259,-133,-133,-133,-133,93865
259,-132.5,-132.5,-132.5,-132.5,93840
259,-131.5,-131.5,-131.5,-131.5,93792
259,-131,-131,-131,-131,93766
259,-130.5,-130.5,-130.5,-130.5,93741
259,-130,-130,-130,-130,93716
259,-129.5,-129.5,-129.5,-129.5,93691
259,-129,-129,-129,-129,93667
259,-128.5,-128.5,-128.5,-128.5,93642
259,-128,-128,-128,-128,93617
259,-127.5,-127.5,-127.5,-127.5,93595
259,-127,-127,-127,-127,93567
259,-126.5,-126.5,-126.5,-126.5,93541
259,-126,-126,-126,-126,93517
259,-125,-125,-125,-125,93468
259,-124.5,-124.5,-124.5,-124.5,93444
259,-124,-124,-124,-124,93418
259,-123.5,-123.5,-123.5,-123.5,93392
259,-123,-123,-123,-123,93368
259,-122.5,-122.5,-122.5,-122.5,93343
259,-122,-122,-122,-122,93318
259,-121.5,-121.5,-121.5,-121.5,93294
259,-121,-121,-121,-121,93269
259,-120.5,-120.5,-120.5,-120.5,93243
259,-120,-120,-120,-120,93221
259,-119.5,-119.5,-119.5,-119.5,93194
259,-119,-119,-119,-119,93169
259,-118.5,-118.5,-118.5,-118.5,93144
259,-118,-118,-118,-118,93120
259,-116.5,-116.5,-116.5,-116.5,93044
259,-116,-116,-116,-116,93024
259,-115.5,-115.5,-115.5,-115.5,92995
259,-115,-115,-115,-115,92972
259,-114,-114,-114,-114,92920
259,-113,-113,-113,-113,92873
259,-112.5,-112.5,-112.5,-112.5,92846
259,-112,-112,-112,-112,92822
259,-111.5,-111.5,-111.5,-111.5,92797
259,-111,-111,-111,-111,92771
259,-110.5,-110.5,-110.5,-110.5,92746
259,-110,-110,-110,-110,92724
259,-109,-109,-109,-109,92671
259,-108.5,-108.5,-108.5,-108.5,92648
259,-108,-108,-108,-108,92622
259,-107.5,-107.5,-107.5,-107.5,92597
259,-106.5,-106.5,-106.5,-106.5,92549
259,-106,-106,-106,-106,92522
259,-105.5,-105.5,-105.5,-105.5,92499
259,-105,-105,-105,-105,92473
259,-104.5,-104.5,-104.5,-104.5,92448
259,-104,-104,-104,-104,92424
259,-103.5,-103.5,-103.5,-103.5,92400
259,-103,-103,-103,-103,92374
259,-102.5,-102.5,-102.5,-102.5,92349
259,-102,-102,-102,-102,92324
259,-101.5,-101.5,-101.5,-101.5,92299
259,-101,-101,-101,-101,92276
259,-100.5,-100.5,-100.5,-100.5,92250
259,-100,-100,-100,-100,92224
259,-98.5,-98.5,-98.5,-98.5,92151
259,-98,-98,-98,-98,92126
259,-97.5,-97.5,-97.5,-97.5,92100
259,-82,-82,-82,-82,91331
259,-81.5,-81.5,-81.5,-81.5,91304
259,-81,-81,-81,-81,91280
259,-80.5,-80.5,-80.5,-80.5,91254
259,-76.5,-76.5,-76.5,-76.5,91056
259,-74,-74,-74,-74,90932
259,-73.5,-73.5,-73.5,-73.5,90906
259,-73,-73,-73,-73,90884
259,-72.5,-72.5,-72.5,-72.5,90856
259,-72,-72,-72,-72,90832
259,-71.5,-71.5,-71.5,-71.5,90808
259,-71,-71,-71,-71,90784
259,-70.5,-70.5,-70.5,-70.5,90758
259,-70,-70,-70,-70,90733
259,-69.5,-69.5,-69.5,-69.5,90708
259,-69,-69,-69,-69,90683
259,-68.5,-68.5,-68.5,-68.5,90659
259,-68,-68,-68,-68,90634
259,-67.5,-67.5,-67.5,-67.5,90614
259,-67,-67,-67,-67,90584
259,-66.5,-66.5,-66.5,-66.5,90559
259,-66,-66,-66,-66,90534
259,-65.5,-65.5,-65.5,-65.5,90509
259,-64.5,-64.5,-64.5,-64.5,90461
259,-64,-64,-64,-64,90435
259,-63.5,-63.5,-63.5,-63.5,90410
259,-31,-31,-31,-31,88794
259,-30.5,-30.5,-30.5,-30.5,88768
259,-29.5,-29.5,-29.5,-29.5,88719
259,-29,-29,-29,-29,88695
259,-28.5,-28.5,-28.5,-28.5,88670
259,-28,-28,-28,-28,88650
259,-27.5,-27.5,-27.5,-27.5,88642
259,-26.5,-26.5,-26.5,-26.5,88571
259,-26,-26,-26,-26,88546
259,-25.5,-25.5,-25.5,-25.5,88521
259,-25,-25,-25,-25,88496
259,-24.5,-24.5,-24.5,-24.5,88471
259,-23.5,-23.5,-23.5,-23.5,88421
259,-22.5,-22.5,-22.5,-22.5,88371
259,-22,-22,-22,-22,88347
259,-21.5,-21.5,-21.5,-21.5,88322
259,-21,-21,-21,-21,88296
259,-20.5,-20.5,-20.5,-20.5,88274
259,-19.5,-19.5,-19.5,-19.5,88223
259,-17,-17,-17,-17,88096
259,-16.5,-16.5,-16.5,-16.5,88074
259,-16,-16,-16,-16,88049
259,-15.5,-15.5,-15.5,-15.5,88025
259,-15,-15,-15,-15,88000
259,-14.5,-14.5,-14.5,-14.5,87975
259,-11,-11,-11,-11,87801
259,-10.5,-10.5,-10.5,-10.5,87775
259,-10,-10,-10,-10,87751
259,-9.5,-9.5,-9.5,-9.5,87725
259,-9,-9,-9,-9,87701
259,-6.5,-6.5,-6.5,-6.5,87575
259,-5.5,-5.5,-5.5,-5.5,87525
259,-5,-5,-5,-5,87502
259,-4.5,-4.5,-4.5,-4.5,87477
259,-4,-4,-4,-4,87451
259,-3.5,-3.5,-3.5,-3.5,87426
259,-3,-3,-3,-3,87401
259,-2.5,-2.5,-2.5,-2.5,87379
259,-2,-2,-2,-2,87353
259,-1.5,-1.5,-1.5,-1.5,87327
259,-1,-1,-1,-1,87303
259,-0.5,-0.5,-0.5,-0.5,87277
259,0,0,0,0,87253
259,0.5,0.5,0.5,0.5,87228
259,1,1,1,1,87204
259,1.5,1.5,1.5,1.5,87177
259,2.5,2.5,2.5,2.5,87131
259,4,4,4,4,87053
259,4.5,4.5,4.5,4.5,87029
259,5,5,5,5,87004
259,5.5,5.5,5.5,5.5,86980
259,6,6,6,6,86955
259,6.5,6.5,6.5,6.5,86931
259,7,7,7,7,86907
259,7.5,7.5,7.5,7.5,86879
259,16,16,16,16,86458
259,17,17,17,17,86406
259,17.5,17.5,17.5,17.5,86385
259,18,18,18,18,86359
259,18.5,18.5,18.5,18.5,86334
259,19,19,19,19,86308
259,19.5,19.5,19.5,19.5,86283
259,20,20,20,20,86258
259,20.5,20.5,20.5,20.5,86233
259,21,21,21,21,86208
259,21.5,21.5,21.5,21.5,86183
259,22,22,22,22,86158
259,22.5,22.5,22.5,22.5,86137
259,23,23,23,23,86110
259,23.5,23.5,23.5,23.5,86085
259,24,24,24,24,86059
259,24.5,24.5,24.5,24.5,86034
259,25,25,25,25,86009
259,25.5,25.5,25.5,25.5,85984
259,26.5,26.5,26.5,26.5,85934
259,27,27,27,27,85909
259,28,28,28,28,85861
259,28.5,28.5,28.5,28.5,85835
259,30,30,30,30,85759
259,31.5,31.5,31.5,31.5,85690
259,32,32,32,32,85661
259,33,33,33,33,85610
259,33.5,33.5,33.5,33.5,85587
259,34.5,34.5,34.5,34.5,85536
259,35.5,35.5,35.5,35.5,85489
259,36,36,36,36,85463
259,38,38,38,38,85361
259,38.5,38.5,38.5,38.5,85339
259,39,39,39,39,85313
259,39.5,39.5,39.5,39.5,85288
259,40,40,40,40,85263
259,40.5,40.5,40.5,40.5,85240
259,41,41,41,41,85213
259,41.5,41.5,41.5,41.5,85190
259,43,43,43,43,85114
259,45,45,45,45,85014
259,45.5,45.5,45.5,45.5,84991
259,55.5,55.5,55.5,55.5,84492
259,56,56,56,56,84469
259,58.5,58.5,58.5,58.5,84342
259,59.5,59.5,59.5,59.5,84293
259,60.5,60.5,60.5,60.5,84243
259,61.5,61.5,61.5,61.5,84194
259,62,62,62,62,84170
259,62.5,62.5,62.5,62.5,84143
259,63,63,63,63,84121
259,63.5,63.5,63.5,63.5,84097
259,64,64,64,64,84070
259,64.5,64.5,64.5,64.5,84046
259,65,65,65,65,84021
259,65.5,65.5,65.5,65.5,83994
259,67,67,67,67,83920
259,68,68,68,68,83870
259,68.5,68.5,68.5,68.5,83847
259,69,69,69,69,83822
259,69.5,69.5,69.5,69.5,83798
259,70,70,70,70,83772
259,70.5,70.5,70.5,70.5,83748
259,71,71,71,71,83722
259,71.5,71.5,71.5,71.5,83697
259,72,72,72,72,83673
259,72.5,72.5,72.5,72.5,83649
259,73,73,73,73,83624
259,73.5,73.5,73.5,73.5,83599
259,74,74,74,74,83574
259,74.5,74.5,74.5,74.5,83548
259,75,75,75,75,83524
259,76,76,76,76,83474
259,76.5,76.5,76.5,76.5,83449
259,77,77,77,77,83424
259,77.5,77.5,77.5,77.5,83399
259,78,78,78,78,83374
259,78.5,78.5,78.5,78.5,83349
259,79,79,79,79,83324
259,79.5,79.5,79.5,79.5,83299
259,80,80,80,80,83275
259,80.5,80.5,80.5,80.5,83250
259,81,81,81,81,83225
259,81.5,81.5,81.5,81.5,83202
259,82,82,82,82,83176
259,82.5,82.5,82.5,82.5,83150
259,84,84,84,84,83075
259,84.5,84.5,84.5,84.5,83052
259,85,85,85,85,83027
259,86,86,86,86,82976
259,86.5,86.5,86.5,86.5,82953
259,87,87,87,87,82927
259,87.5,87.5,87.5,87.5,82902
259,88,88,88,88,82879
259,88.5,88.5,88.5,88.5,82852
259,89,89,89,89,82828
259,89.5,89.5,89.5,89.5,82802
259,90,90,90,90,82777
259,90.5,90.5,90.5,90.5,82754
259,91,91,91,91,82728
259,91.5,91.5,91.5,91.5,82702
259,92,92,92,92,82677
259,92.5,92.5,92.5,92.5,82652
259,93,93,93,93,82629
259,93.5,93.5,93.5,93.5,82604
259,94,94,94,94,82578
259,94.5,94.5,94.5,94.5,82554
259,95,95,95,95,82528
259,95.5,95.5,95.5,95.5,82505
259,96.5,96.5,96.5,96.5,82455
259,97,97,97,97,82430
259,97.5,97.5,97.5,97.5,82405
259,98,98,98,98,82380
259,98.5,98.5,98.5,98.5,82354
259,99.5,99.5,99.5,99.5,82308
259,100.5,100.5,100.5,100.5,82255
259,101,101,101,101,82229
259,101.5,101.5,101.5,101.5,82205
259,102,102,102,102,82181
259,102.5,102.5,102.5,102.5,82158
259,103,103,103,103,82131
259,103.5,103.5,103.5,103.5,82106
259,104,104,104,104,82081
259,104.5,104.5,104.5,104.5,82057
259,105,105,105,105,82031
259,106,106,106,106,81980
259,186.5,186.5,186.5,186.5,77978
259,187,187,187,187,77954
259,188,188,188,188,77905
259,188.5,188.5,188.5,188.5,77881
259,189,189,189,189,77856
259,189.5,189.5,189.5,189.5,77829
259,190,190,190,190,77805
259,190.5,190.5,190.5,190.5,77780
259,191.5,191.5,191.5,191.5,77729
259,192,192,192,192,77707
259,192.5,192.5,192.5,192.5,77682
259,193,193,193,193,77657
259,193.5,193.5,193.5,193.5,77631
259,255,255,255,255,74573
259,255.5,255.5,255.5,255.5,74549
259,256,256,256,256,74524
259,256.5,256.5,256.5,256.5,74498
259,257,257,257,257,74473
259,257.5,257.5,257.5,257.5,74448
259,258,258,258,258,74425
259,258.5,258.5,258.5,258.5,74398
259,259,259,259,259,74373
259,259.5,259.5,259.5,259.5,74349
259,261.5,261.5,261.5,261.5,74248
259,262,262,262,262,74226
259,262.5,262.5,262.5,262.5,74200
259,280,280,280,280,73330
259,281.5,281.5,281.5,281.5,73254
259,282.5,282.5,282.5,282.5,73206
259,283,283,283,283,73181
259,283.5,283.5,283.5,283.5,73157
259,284,284,284,284,73132
259,284.5,284.5,284.5,284.5,73105
259,285,285,285,285,73081
259,285.5,285.5,285.5,285.5,73056
259,286,286,286,286,73031
259,286.5,286.5,286.5,286.5,73006
259,287,287,287,287,72983
259,287.5,287.5,287.5,287.5,72958
259,296.5,296.5,296.5,296.5,72508
259,297.5,297.5,297.5,297.5,72459
259,298,298,298,298,72435
259,298.5,298.5,298.5,298.5,72410
259,299,299,299,299,72388
259,299.5,299.5,299.5,299.5,72361
259,300.5,300.5,300.5,300.5,72310
259,301,301,301,301,72285
259,301.5,301.5,301.5,301.5,72260
259,302,302,302,302,72236
259,302.5,302.5,302.5,302.5,72211
259,303,303,303,303,72187
259,303.5,303.5,303.5,303.5,72163
259,348.5,348.5,348.5,348.5,69923
259,349,349,349,349,69899
259,349.5,349.5,349.5,349.5,69876
259,350,350,350,350,69850
259,350.5,350.5,350.5,350.5,69825
259,351,351,351,351,69800
259,351.5,351.5,351.5,351.5,69774
259,352,352,352,352,69749
259,352.5,352.5,352.5,352.5,69725
259,353,353,353,353,69700
259,353.5,353.5,353.5,353.5,69674
259,354,354,354,354,69652
259,355.5,355.5,355.5,355.5,69575
259,390.5,390.5,390.5,390.5,67835
259,391,391,391,391,67809
259,391.5,391.5,391.5,391.5,67785
259,392,392,392,392,67760
259,392.5,392.5,392.5,392.5,67736
259,393,393,393,393,67711
259,393.5,393.5,393.5,393.5,67688
259,394,394,394,394,67661
259,394.5,394.5,394.5,394.5,67636
259,396.5,396.5,396.5,396.5,67535
259,397,397,397,397,67513
259,397.5,397.5,397.5,397.5,67488
259,398,398,398,398,67462
259,406.5,406.5,406.5,406.5,67039
259,407,407,407,407,67015
259,407.5,407.5,407.5,407.5,66989
259,408.5,408.5,408.5,408.5,66944
259,409,409,409,409,66917
259,409.5,409.5,409.5,409.5,66889
259,409,409,409,409,66865
259,408.5,408.5,408.5,408.5,66840
259,407.5,407.5,407.5,407.5,66791
259,407,407,407,407,66767
259,406.5,406.5,406.5,406.5,66741
259,406,406,406,406,66716
259,405.5,405.5,405.5,405.5,66691
259,405,405,405,405,66666
259,404.5,404.5,404.5,404.5,66641
259,404,404,404,404,66618
259,403.5,403.5,403.5,403.5,66592
259,403,403,403,403,66566
259,402.5,402.5,402.5,402.5,66541
259,402,402,402,402,66516
259,401,401,401,401,66469
259,400.5,400.5,400.5,400.5,66444
259,400,400,400,400,66418
259,399.5,399.5,399.5,399.5,66393
259,398.5,398.5,398.5,398.5,66341
259,397.5,397.5,397.5,397.5,66294
259,397,397,397,397,66270
259,396.5,396.5,396.5,396.5,66244
259,396,396,396,396,66218
259,395.5,395.5,395.5,395.5,66194
259,395,395,395,395,66169
259,394.5,394.5,394.5,394.5,66144
259,394,394,394,394,66119
259,393.5,393.5,393.5,393.5,66095
259,393,393,393,393,66071
259,392.5,392.5,392.5,392.5,66045
259,392,392,392,392,66020
259,389.5,389.5,389.5,389.5,65894
259,388.5,388.5,388.5,388.5,65845
259,388,388,388,388,65821
259,387.5,387.5,387.5,387.5,65797
259,386,386,386,386,65720
259,385.5,385.5,385.5,385.5,65698
259,385,385,385,385,65672
259,384.5,384.5,384.5,384.5,65646
259,384,384,384,384,65622
259,383.5,383.5,383.5,383.5,65596
259,382.5,382.5,382.5,382.5,65548
259,380.5,380.5,380.5,380.5,65448
259,380,380,380,380,65423
259,379,379,379,379,65372
259,378.5,378.5,378.5,378.5,65349
259,377.5,377.5,377.5,377.5,65297
259,377,377,377,377,65275
259,376.5,376.5,376.5,376.5,65250
259,376,376,376,376,65224
259,375.5,375.5,375.5,375.5,65199
259,375,375,375,375,65174
259,374.5,374.5,374.5,374.5,65150
259,374,374,374,374,65124
259,373.5,373.5,373.5,373.5,65099
259,372.5,372.5,372.5,372.5,65051
259,372,372,372,372,65027
259,371.5,371.5,371.5,371.5,65000
259,371,371,371,371,64975
259,362.5,362.5,362.5,362.5,64552
259,362,362,362,362,64528
259,361.5,361.5,361.5,361.5,64502
259,361,361,361,361,64479
259,360.5,360.5,360.5,360.5,64455
259,360,360,360,360,64427
259,359.5,359.5,359.5,359.5,64403
259,359,359,359,359,64378
259,358.5,358.5,358.5,358.5,64353
259,358,358,358,358,64329
259,356.5,356.5,356.5,356.5,64253
259,355.5,355.5,355.5,355.5,64204
259,354.5,354.5,354.5,354.5,64154
259,354,354,354,354,64131
259,353.5,353.5,353.5,353.5,64105
259,352.5,352.5,352.5,352.5,64054
259,352,352,352,352,64033
259,351.5,351.5,351.5,351.5,64006
259,351,351,351,351,63982
259,350.5,350.5,350.5,350.5,63956
259,350,350,350,350,63930
259,349.5,349.5,349.5,349.5,63908
259,349,349,349,349,63882
259,348.5,348.5,348.5,348.5,63857
259,348,348,348,348,63832
259,347.5,347.5,347.5,347.5,63809
259,346.5,346.5,346.5,346.5,63756
259,345.5,345.5,345.5,345.5,63708
259,345,345,345,345,63684
259,344.5,344.5,344.5,344.5,63660
259,344,344,344,344,63632
259,343,343,343,343,63583
259,342.5,342.5,342.5,342.5,63558
259,342,342,342,342,63534
259,341.5,341.5,341.5,341.5,63508
259,341,341,341,341,63484
259,340.5,340.5,340.5,340.5,63459
259,340,340,340,340,63435
259,339.5,339.5,339.5,339.5,63409
259,339,339,339,339,63384
259,338.5,338.5,338.5,338.5,63359
259,338,338,338,338,63334
259,337.5,337.5,337.5,337.5,63309
259,337,337,337,337,63285
259,336.5,336.5,336.5,336.5,63261
259,335.5,335.5,335.5,335.5,63210
259,335,335,335,335,63187
259,334.5,334.5,334.5,334.5,63159
259,332,332,332,332,63038
259,331.5,331.5,331.5,331.5,63010
259,330.5,330.5,330.5,330.5,62963
259,330,330,330,330,62936
259,239,239,239,239,58411
259,238.5,238.5,238.5,238.5,58387
259,238,238,238,238,58362
259,236,236,236,236,58262
259,235.5,235.5,235.5,235.5,58236
259,234.5,234.5,234.5,234.5,58187
259,234,234,234,234,58163
259,233.5,233.5,233.5,233.5,58138
259,232.5,232.5,232.5,232.5,58110
259,232,232,232,232,58109
259,231.5,231.5,231.5,231.5,58038
259,230,230,230,230,57963
259,229.5,229.5,229.5,229.5,57941
259,229,229,229,229,57914
259,228.5,228.5,228.5,228.5,57889
259,228,228,228,228,57864
259,227.5,227.5,227.5,227.5,57839
259,227,227,227,227,57814
259,226,226,226,226,57765
259,225.5,225.5,225.5,225.5,57741
259,224.5,224.5,224.5,224.5,57689
259,223.5,223.5,223.5,223.5,57641
259,223,223,223,223,57617
259,222.5,222.5,222.5,222.5,57592
259,222,222,222,222,57567
259,221.5,221.5,221.5,221.5,57541
259,187,187,187,187,55825
259,186.5,186.5,186.5,186.5,55800
259,186,186,186,186,55775
259,185.5,185.5,185.5,185.5,55750
259,185,185,185,185,55725
259,184,184,184,184,55675
259,183.5,183.5,183.5,183.5,55652
259,183,183,183,183,55627
259,182.5,182.5,182.5,182.5,55601
259,182,182,182,182,55576
259,179.5,179.5,179.5,179.5,55453
259,178.5,178.5,178.5,178.5,55401
259,177.5,177.5,177.5,177.5,55354
259,176.5,176.5,176.5,176.5,55302
259,176,176,176,176,55278
259,175.5,175.5,175.5,175.5,55253
259,175,175,175,175,55229
259,174.5,174.5,174.5,174.5,55204
259,174,174,174,174,55179
259,173.5,173.5,173.5,173.5,55153
259,173,173,173,173,55131
259,172.5,172.5,172.5,172.5,55105
259,172,172,172,172,55079
259,171.5,171.5,171.5,171.5,55055
259,171,171,171,171,55029
259,170.5,170.5,170.5,170.5,55004
259,170,170,170,170,54982
259,169.5,169.5,169.5,169.5,54954
259,169,169,169,169,54930
259,168.5,168.5,168.5,168.5,54905
259,168,168,168,168,54880
259,167.5,167.5,167.5,167.5,54855
259,167,167,167,167,54830
259,166.5,166.5,166.5,166.5,54807
259,166,166,166,166,54782
259,165.5,165.5,165.5,165.5,54755
259,164.5,164.5,164.5,164.5,54705
259,164,164,164,164,54680
259,163.5,163.5,163.5,163.5,54657
259,163,163,163,163,54631
259,162.5,162.5,162.5,162.5,54606
259,162,162,162,162,54583
259,161.5,161.5,161.5,161.5,54558
259,161,161,161,161,54532
259,160.5,160.5,160.5,160.5,54507
259,160,160,160,160,54482
259,159.5,159.5,159.5,159.5,54458
259,159,159,159,159,54432
259,158.5,158.5,158.5,158.5,54408
259,157.5,157.5,157.5,157.5,54358
259,157,157,157,157,54333
259,156.5,156.5,156.5,156.5,54309
259,138.5,138.5,138.5,138.5,53414
259,137.5,137.5,137.5,137.5,53363
259,136.5,136.5,136.5,136.5,53313
259,136,136,136,136,53288
259,135.5,135.5,135.5,135.5,53266
259,135,135,135,135,53239
259,134,134,134,134,53189
259,133.5,133.5,133.5,133.5,53164
259,133,133,133,133,53143
259,132.5,132.5,132.5,132.5,53115
259,132,132,132,132,53091
259,131.5,131.5,131.5,131.5,53065
259,130.5,130.5,130.5,130.5,53018
259,130,130,130,130,52993
259,129.5,129.5,129.5,129.5,52967
259,129,129,129,129,52943
259,128.5,128.5,128.5,128.5,52917
259,127.5,127.5,127.5,127.5,52865
259,127,127,127,127,52841
259,126.5,126.5,126.5,126.5,52818
259,126,126,126,126,52793
259,125.5,125.5,125.5,125.5,52766
259,125,125,125,125,52741
259,124.5,124.5,124.5,124.5,52717
259,124,124,124,124,52692
259,123.5,123.5,123.5,123.5,52667
259,102,102,102,102,51598
259,101.5,101.5,101.5,101.5,51573
259,101,101,101,101,51549
259,100.5,100.5,100.5,100.5,51523
259,100,100,100,100,51499
259,99.5,99.5,99.5,99.5,51472
259,99,99,99,99,51450
259,98.5,98.5,98.5,98.5,51424
259,98,98,98,98,51400
259,97.5,97.5,97.5,97.5,51375
259,97,97,97,97,51350
259,96.5,96.5,96.5,96.5,51324
259,96,96,96,96,51298
259,95.5,95.5,95.5,95.5,51275
259,95,95,95,95,51249
259,94.5,94.5,94.5,94.5,51224
259,94,94,94,94,51202
259,93.5,93.5,93.5,93.5,51176
259,93,93,93,93,51151
259,92.5,92.5,92.5,92.5,51127
259,92,92,92,92,51101
259,91,91,91,91,51054
259,90.5,90.5,90.5,90.5,51026
259,89.5,89.5,89.5,89.5,50977
259,89,89,89,89,50952
259,88.5,88.5,88.5,88.5,50929
259,88,88,88,88,50904
259,87.5,87.5,87.5,87.5,50879
259,87,87,87,87,50853
259,86.5,86.5,86.5,86.5,50828
259,86,86,86,86,50803
259,85,85,85,85,50752
259,83.5,83.5,83.5,83.5,50677
259,83,83,83,83,50654
259,82.5,82.5,82.5,82.5,50629
259,82,82,82,82,50604
259,81.5,81.5,81.5,81.5,50579
259,81,81,81,81,50555
259,80.5,80.5,80.5,80.5,50529
259,80,80,80,80,50504
259,79.5,79.5,79.5,79.5,50482
259,79,79,79,79,50456
259,78.5,78.5,78.5,78.5,50430
259,78,78,78,78,50405
259,77.5,77.5,77.5,77.5,50380
259,77,77,77,77,50355
259,76.5,76.5,76.5,76.5,50332
259,76,76,76,76,50307
259,75.5,75.5,75.5,75.5,50280
259,75,75,75,75,50256
259,74.5,74.5,74.5,74.5,50230
259,74,74,74,74,50205
259,73,73,73,73,50156
259,72.5,72.5,72.5,72.5,50132
259,72,72,72,72,50107
259,71.5,71.5,71.5,71.5,50081
259,71,71,71,71,50057
259,70,70,70,70,50008
259,69.5,69.5,69.5,69.5,49982
259,69,69,69,69,49959
259,68.5,68.5,68.5,68.5,49932
259,68,68,68,68,49907
259,67.5,67.5,67.5,67.5,49883
259,67,67,67,67,49859
259,66.5,66.5,66.5,66.5,49835
259,66,66,66,66,49811
259,65.5,65.5,65.5,65.5,49783
259,65,65,65,65,49760
259,64.5,64.5,64.5,64.5,49734
259,63.5,63.5,63.5,63.5,49683
259,63,63,63,63,49659
259,62.5,62.5,62.5,62.5,49633
259,60.5,60.5,60.5,60.5,49534
259,60,60,60,60,49509
259,59.5,59.5,59.5,59.5,49486
259,59,59,59,59,49461
259,58.5,58.5,58.5,58.5,49435
259,58,58,58,58,49411
259,57,57,57,57,49363
259,56.5,56.5,56.5,56.5,49336
259,56,56,56,56,49310
259,55.5,55.5,55.5,55.5,49286
259,55,55,55,55,49260
259,54.5,54.5,54.5,54.5,49236
259,54,54,54,54,49211
259,53.5,53.5,53.5,53.5,49188
259,53,53,53,53,49163
259,52.5,52.5,52.5,52.5,49137
259,51.5,51.5,51.5,51.5,49087
259,50,50,50,50,49016
259,49.5,49.5,49.5,49.5,48986
259,49,49,49,49,48962
259,48.5,48.5,48.5,48.5,48938
259,48,48,48,48,48914
259,47,47,47,47,48863
259,46.5,46.5,46.5,46.5,48839
259,46,46,46,46,48815
259,45.5,45.5,45.5,45.5,48790
259,45,45,45,45,48764
259,44.5,44.5,44.5,44.5,48740
259,43.5,43.5,43.5,43.5,48688
259,43,43,43,43,48663
259,42.5,42.5,42.5,42.5,48641
259,42,42,42,42,48616
259,41.5,41.5,41.5,41.5,48592
259,41,41,41,41,48564
259,40.5,40.5,40.5,40.5,48540
259,40,40,40,40,48514
259,39.5,39.5,39.5,39.5,48490
259,39,39,39,39,48466
259,38.5,38.5,38.5,38.5,48441
259,38,38,38,38,48415
259,37.5,37.5,37.5,37.5,48393
259,37,37,37,37,48367
259,36.5,36.5,36.5,36.5,48341
259,36,36,36,36,48316
259,34.5,34.5,34.5,34.5,48241
259,34,34,34,34,48217
259,33.5,33.5,33.5,33.5,48193
259,33,33,33,33,48168
259,32.5,32.5,32.5,32.5,48143
259,32,32,32,32,48118
259,31.5,31.5,31.5,31.5,48093
259,31,31,31,31,48067
259,30.5,30.5,30.5,30.5,48044
259,30,30,30,30,48020
259,29.5,29.5,29.5,29.5,47993
259,29,29,29,29,47970
259,28.5,28.5,28.5,28.5,47944
259,28,28,28,28,47918
259,27.5,27.5,27.5,27.5,47893
259,27,27,27,27,47868
259,26.5,26.5,26.5,26.5,47843
259,26,26,26,26,47820
259,25.5,25.5,25.5,25.5,47795
259,25,25,25,25,47771
259,24.5,24.5,24.5,24.5,47745
259,23.5,23.5,23.5,23.5,47694
259,21.5,21.5,21.5,21.5,47598
259,21,21,21,21,47570
259,20.5,20.5,20.5,20.5,47545
259,20,20,20,20,47522
259,19.5,19.5,19.5,19.5,47496
259,19,19,19,19,47469
259,18.5,18.5,18.5,18.5,47448
259,18,18,18,18,47422
259,17.5,17.5,17.5,17.5,47397
259,17,17,17,17,47372
259,16.5,16.5,16.5,16.5,47346
259,16,16,16,16,47322
259,15.5,15.5,15.5,15.5,47296
259,15,15,15,15,47271
259,14.5,14.5,14.5,14.5,47248
259,14,14,14,14,47222
259,13.5,13.5,13.5,13.5,47197
259,13,13,13,13,47174
259,12.5,12.5,12.5,12.5,47148
259,12,12,12,12,47123
259,11.5,11.5,11.5,11.5,47096
259,10.5,10.5,10.5,10.5,47051
259,10,10,10,10,47025
259,9.5,9.5,9.5,9.5,46999
259,9,9,9,9,46974
259,8.5,8.5,8.5,8.5,46949
259,8,8,8,8,46924
259,7.5,7.5,7.5,7.5,46898
259,7,7,7,7,46873
259,6.5,6.5,6.5,6.5,46849
259,6,6,6,6,46826
259,5.5,5.5,5.5,5.5,46800
259,5,5,5,5,46775
259,4.5,4.5,4.5,4.5,46750
259,4,4,4,4,46725
259,3.5,3.5,3.5,3.5,46700
259,3,3,3,3,46676
259,2.5,2.5,2.5,2.5,46652
259,2,2,2,2,46625
259,1,1,1,1,46576
259,0.5,0.5,0.5,0.5,46551
259,0,0,0,0,46528
259,-0.5,-0.5,-0.5,-0.5,46502
259,-1,-1,-1,-1,46475
259,-2.5,-2.5,-2.5,-2.5,46400
259,-3,-3,-3,-3,46377
259,-3.5,-3.5,-3.5,-3.5,46352
259,-4,-4,-4,-4,46327
259,-4.5,-4.5,-4.5,-4.5,46303
259,-5,-5,-5,-5,46276
259,-5.5,-5.5,-5.5,-5.5,46250
259,-6,-6,-6,-6,46227
259,-6.5,-6.5,-6.5,-6.5,46203
259,-7,-7,-7,-7,46177
259,-7.5,-7.5,-7.5,-7.5,46154
259,-8,-8,-8,-8,46127
259,-8.5,-8.5,-8.5,-8.5,46103
259,-9,-9,-9,-9,46079
259,-9.5,-9.5,-9.5,-9.5,46053
259,-10,-10,-10,-10,46028
259,-10.5,-10.5,-10.5,-10.5,46004
259,-12.5,-12.5,-12.5,-12.5,45903
259,-13,-13,-13,-13,45881
259,-13.5,-13.5,-13.5,-13.5,45856
259,-14,-14,-14,-14,45831
259,-14.5,-14.5,-14.5,-14.5,45805
259,-15,-15,-15,-15,45780
259,-15.5,-15.5,-15.5,-15.5,45755
259,-16,-16,-16,-16,45729
259,-16.5,-16.5,-16.5,-16.5,45706
259,-17.5,-17.5,-17.5,-17.5,45655
259,-19,-19,-19,-19,45580
259,-19.5,-19.5,-19.5,-19.5,45556
259,-21,-21,-21,-21,45480
259,-21.5,-21.5,-21.5,-21.5,45458
259,-22.5,-22.5,-22.5,-22.5,45408
259,-23.5,-23.5,-23.5,-23.5,45357
259,-24,-24,-24,-24,45331
259,-24.5,-24.5,-24.5,-24.5,45308
259,-25,-25,-25,-25,45282
259,-26,-26,-26,-26,45233
259,-26.5,-26.5,-26.5,-26.5,45210
259,-27,-27,-27,-27,45183
259,-27.5,-27.5,-27.5,-27.5,45160
259,-28,-28,-28,-28,45134
259,-28.5,-28.5,-28.5,-28.5,45108
259,-37.5,-37.5,-37.5,-37.5,44660
259,-38,-38,-38,-38,44638
259,-38.5,-38.5,-38.5,-38.5,44613
259,-39,-39,-39,-39,44586
259,-39.5,-39.5,-39.5,-39.5,44562
259,-40,-40,-40,-40,44537
259,-40.5,-40.5,-40.5,-40.5,44513
259,-41,-41,-41,-41,44487
259,-41.5,-41.5,-41.5,-41.5,44463
259,-43.5,-43.5,-43.5,-43.5,44362
259,-44,-44,-44,-44,44338
259,-45,-45,-45,-45,44289
259,-45.5,-45.5,-45.5,-45.5,44264
259,-60,-60,-60,-60,43543
259,-60.5,-60.5,-60.5,-60.5,43518
259,-61,-61,-61,-61,43493
259,-61.5,-61.5,-61.5,-61.5,43469
259,-62,-62,-62,-62,43443
259,-62.5,-62.5,-62.5,-62.5,43420
259,-63,-63,-63,-63,43393
259,-63.5,-63.5,-63.5,-63.5,43369
259,-64,-64,-64,-64,43344
259,-65.5,-65.5,-65.5,-65.5,43270
259,-66.5,-66.5,-66.5,-66.5,43219
259,-67,-67,-67,-67,43194
259,-67.5,-67.5,-67.5,-67.5,43170
259,-94,-94,-94,-94,41851
259,-95.5,-95.5,-95.5,-95.5,41782
259,-96,-96,-96,-96,41754
259,-96.5,-96.5,-96.5,-96.5,41726
259,-97,-97,-97,-97,41704
259,-97.5,-97.5,-97.5,-97.5,41679
259,-98,-98,-98,-98,41655
259,-98.5,-98.5,-98.5,-98.5,41629
259,-99.5,-99.5,-99.5,-99.5,41579
259,-100,-100,-100,-100,41554
259,-101,-101,-101,-101,41503
259,-102,-102,-102,-102,41458
259,-102.5,-102.5,-102.5,-102.5,41429
259,-103,-103,-103,-103,41407
259,-103.5,-103.5,-103.5,-103.5,41381
259,-104,-104,-104,-104,41355
259,-104.5,-104.5,-104.5,-104.5,41332
259,-105,-105,-105,-105,41308
259,-105.5,-105.5,-105.5,-105.5,41280
259,-106,-106,-106,-106,41256
259,-106.5,-106.5,-106.5,-106.5,41230
259,-108.5,-108.5,-108.5,-108.5,41133
259,-109,-109,-109,-109,41105
259,-110,-110,-110,-110,41056
259,-110.5,-110.5,-110.5,-110.5,41033
259,-111,-111,-111,-111,41008
259,-111.5,-111.5,-111.5,-111.5,40982
259,-112,-112,-112,-112,40957
259,-112.5,-112.5,-112.5,-112.5,40934
259,-113,-113,-113,-113,40907
259,-113.5,-113.5,-113.5,-113.5,40882
259,-114,-114,-114,-114,40858
259,-115.5,-115.5,-115.5,-115.5,40782
259,-116,-116,-116,-116,40760
259,-116.5,-116.5,-116.5,-116.5,40736
259,-117,-117,-117,-117,40708
259,-117.5,-117.5,-117.5,-117.5,40684
259,-118,-118,-118,-118,40659
259,-118.5,-118.5,-118.5,-118.5,40635
259,-119.5,-119.5,-119.5,-119.5,40586
259,-120,-120,-120,-120,40560
259,-120.5,-120.5,-120.5,-120.5,40535
259,-121.5,-121.5,-121.5,-121.5,40485
259,-122,-122,-122,-122,40462
259,-122.5,-122.5,-122.5,-122.5,40436
259,-123,-123,-123,-123,40411
259,-124,-124,-124,-124,40363
259,-124.5,-124.5,-124.5,-124.5,40335
259,-125,-125,-125,-125,40310
259,-125.5,-125.5,-125.5,-125.5,40286
259,-126,-126,-126,-126,40261
259,-128.5,-128.5,-128.5,-128.5,40136
259,-129,-129,-129,-129,40112
259,-129.5,-129.5,-129.5,-129.5,40087
259,-130,-130,-130,-130,40062
259,-130.5,-130.5,-130.5,-130.5,40037
259,-131,-131,-131,-131,40013
259,-131.5,-131.5,-131.5,-131.5,39987
259,-132.5,-132.5,-132.5,-132.5,39940
259,-133,-133,-133,-133,39913
259,-133.5,-133.5,-133.5,-133.5,39887
259,-134,-134,-134,-134,39864
259,-134.5,-134.5,-134.5,-134.5,39839
259,-135,-135,-135,-135,39814
259,-135.5,-135.5,-135.5,-135.5,39788
259,-136,-136,-136,-136,39766
259,-136.5,-136.5,-136.5,-136.5,39740
259,-137,-137,-137,-137,39716
259,-137.5,-137.5,-137.5,-137.5,39689
259,-138,-138,-138,-138,39665
259,-138.5,-138.5,-138.5,-138.5,39640
259,-139,-139,-139,-139,39616
259,-139.5,-139.5,-139.5,-139.5,39591
259,-141,-141,-141,-141,39516
259,-143.5,-143.5,-143.5,-143.5,39390
259,-144,-144,-144,-144,39368
259,-145,-145,-145,-145,39315
259,-145.5,-145.5,-145.5,-145.5,39292
259,-146,-146,-146,-146,39266
259,-146.5,-146.5,-146.5,-146.5,39241
259,-147,-147,-147,-147,39218
259,-147.5,-147.5,-147.5,-147.5,39193
259,-148,-148,-148,-148,39168
259,-148.5,-148.5,-148.5,-148.5,39144
259,-149,-149,-149,-149,39118
259,-149.5,-149.5,-149.5,-149.5,39093
259,-150,-150,-150,-150,39069
259,-150.5,-150.5,-150.5,-150.5,39044
259,-151.5,-151.5,-151.5,-151.5,38993
259,-152.5,-152.5,-152.5,-152.5,38945
259,-153,-153,-153,-153,38922
259,-153.5,-153.5,-153.5,-153.5,38895
259,-154,-154,-154,-154,38869
259,-155,-155,-155,-155,38818
259,-155.5,-155.5,-155.5,-155.5,38796
259,-156,-156,-156,-156,38770
259,-156.5,-156.5,-156.5,-156.5,38746
259,-157,-157,-157,-157,38723
259,-157.5,-157.5,-157.5,-157.5,38694
259,-158,-158,-158,-158,38670
259,-158.5,-158.5,-158.5,-158.5,38645
259,-159,-159,-159,-159,38621
259,-159.5,-159.5,-159.5,-159.5,38597
259,-160,-160,-160,-160,38570
259,-160.5,-160.5,-160.5,-160.5,38547
259,-161,-161,-161,-161,38521
259,-161.5,-161.5,-161.5,-161.5,38496
259,-162,-162,-162,-162,38471
259,-162.5,-162.5,-162.5,-162.5,38446
259,-163.5,-163.5,-163.5,-163.5,38398
259,-164,-164,-164,-164,38373
259,-164.5,-164.5,-164.5,-164.5,38347
259,-165,-165,-165,-165,38323
259,-165.5,-165.5,-165.5,-165.5,38298
259,-167,-167,-167,-167,38222
259,-167.5,-167.5,-167.5,-167.5,38199
259,-168,-168,-168,-168,38173
259,-178,-178,-178,-178,37676
259,-178.5,-178.5,-178.5,-178.5,37651
259,-179,-179,-179,-179,37625
259,-179.5,-179.5,-179.5,-179.5,37600
259,-180,-180,-180,-180,37578
259,-180.5,-180.5,-180.5,-180.5,37552
259,-181,-181,-181,-181,37527
259,-183.5,-183.5,-183.5,-183.5,37401
259,-184,-184,-184,-184,37379
259,-184.5,-184.5,-184.5,-184.5,37352
259,-185,-185,-185,-185,37328
259,-185.5,-185.5,-185.5,-185.5,37304
259,-186,-186,-186,-186,37278
259,-186.5,-186.5,-186.5,-186.5,37253
259,-187,-187,-187,-187,37227
259,-187.5,-187.5,-187.5,-187.5,37205
259,-188,-188,-188,-188,37179
259,-188.5,-188.5,-188.5,-188.5,37154
259,-189,-189,-189,-189,37130
259,-189.5,-189.5,-189.5,-189.5,37104
259,-190,-190,-190,-190,37079
259,-190.5,-190.5,-190.5,-190.5,37054
259,-191,-191,-191,-191,37029
259,-191.5,-191.5,-191.5,-191.5,37004
259,-192,-192,-192,-192,36980
259,-192.5,-192.5,-192.5,-192.5,36956
259,-193,-193,-193,-193,36930
259,-193.5,-193.5,-193.5,-193.5,36905
259,-194,-194,-194,-194,36881
259,-194.5,-194.5,-194.5,-194.5,36856
259,-195,-195,-195,-195,36831
259,-195.5,-195.5,-195.5,-195.5,36805
259,-196,-196,-196,-196,36781
259,-197,-197,-197,-197,36733
259,-197.5,-197.5,-197.5,-197.5,36705
259,-198,-198,-198,-198,36681
259,-198.5,-198.5,-198.5,-198.5,36657
259,-199,-199,-199,-199,36632
259,-200,-200,-200,-200,36583
259,-200.5,-200.5,-200.5,-200.5,36557
259,-201,-201,-201,-201,36532
259,-201.5,-201.5,-201.5,-201.5,36508
259,-202,-202,-202,-202,36481
259,-202.5,-202.5,-202.5,-202.5,36458
259,-203,-203,-203,-203,36434
259,-203.5,-203.5,-203.5,-203.5,36409
259,-204,-204,-204,-204,36384
259,-204.5,-204.5,-204.5,-204.5,36357
259,-205,-205,-205,-205,36332
259,-205.5,-205.5,-205.5,-205.5,36308
259,-206,-206,-206,-206,36284
259,-206.5,-206.5,-206.5,-206.5,36258
259,-207,-207,-207,-207,36234
259,-207.5,-207.5,-207.5,-207.5,36212
259,-208,-208,-208,-208,36186
259,-208.5,-208.5,-208.5,-208.5,36160
259,-209,-209,-209,-209,36135
259,-209.5,-209.5,-209.5,-209.5,36109
259,-210.5,-210.5,-210.5,-210.5,36058
259,-211,-211,-211,-211,36036
259,-211.5,-211.5,-211.5,-211.5,36013
259,-212,-212,-212,-212,35987
259,-212.5,-212.5,-212.5,-212.5,35960
259,-213,-213,-213,-213,35936
259,-213.5,-213.5,-213.5,-213.5,35911
259,-214,-214,-214,-214,35886
259,-214.5,-214.5,-214.5,-214.5,35862
259,-215,-215,-215,-215,35835
259,-215.5,-215.5,-215.5,-215.5,35811
259,-217,-217,-217,-217,35737
259,-217.5,-217.5,-217.5,-217.5,35711
259,-218,-218,-218,-218,35686
259,-218.5,-218.5,-218.5,-218.5,35662
259,-219,-219,-219,-219,35638
259,-219.5,-219.5,-219.5,-219.5,35613
259,-220,-220,-220,-220,35591
259,-220.5,-220.5,-220.5,-220.5,35563
259,-221,-221,-221,-221,35537
259,-222,-222,-222,-222,35488
259,-223,-223,-223,-223,35440
259,-223.5,-223.5,-223.5,-223.5,35412
259,-224,-224,-224,-224,35388
259,-224.5,-224.5,-224.5,-224.5,35364
259,-225,-225,-225,-225,35340
259,-225.5,-225.5,-225.5,-225.5,35315
259,-226,-226,-226,-226,35288
259,-226.5,-226.5,-226.5,-226.5,35264
259,-227,-227,-227,-227,35239
259,-227.5,-227.5,-227.5,-227.5,35214
259,-229.5,-229.5,-229.5,-229.5,35116
259,-230,-230,-230,-230,35090
259,-239,-239,-239,-239,34642
259,-239.5,-239.5,-239.5,-239.5,34617
259,-240,-240,-240,-240,34594
259,-241,-241,-241,-241,34543
259,-241.5,-241.5,-241.5,-241.5,34518
259,-242,-242,-242,-242,34493
259,-242.5,-242.5,-242.5,-242.5,34468
259,-243,-243,-243,-243,34443
259,-243.5,-243.5,-243.5,-243.5,34418
259,-244,-244,-244,-244,34395
259,-244.5,-244.5,-244.5,-244.5,34369
259,-245,-245,-245,-245,34345
259,-245.5,-245.5,-245.5,-245.5,34319
259,-246,-246,-246,-246,34295
259,-246.5,-246.5,-246.5,-246.5,34270
259,-247,-247,-247,-247,34245
259,-248,-248,-248,-248,34196
259,-248.5,-248.5,-248.5,-248.5,34171
259,-249,-249,-249,-249,34145
259,-249.5,-249.5,-249.5,-249.5,34121
259,-250,-250,-250,-250,34096
259,-250.5,-250.5,-250.5,-250.5,34071
259,-251.5,-251.5,-251.5,-251.5,34021
259,-252,-252,-252,-252,33997
259,-252.5,-252.5,-252.5,-252.5,33972
259,-253,-253,-253,-253,33946
259,-253.5,-253.5,-253.5,-253.5,33921
259,-254,-254,-254,-254,33897
259,-254.5,-254.5,-254.5,-254.5,33872
259,-255,-255,-255,-255,33849
259,-255.5,-255.5,-255.5,-255.5,33821
259,-256,-256,-256,-256,33798
259,-257.5,-257.5,-257.5,-257.5,33722
259,-258,-258,-258,-258,33698
259,-258.5,-258.5,-258.5,-258.5,33674
259,-259,-259,-259,-259,33649
259,-259.5,-259.5,-259.5,-259.5,33623
259,-260,-260,-260,-260,33597
259,-260.5,-260.5,-260.5,-260.5,33574
259,-261,-261,-261,-261,33547
259,-261.5,-261.5,-261.5,-261.5,33522
259,-262,-262,-262,-262,33500
259,-262.5,-262.5,-262.5,-262.5,33475
259,-263,-263,-263,-263,33459
259,-264,-264,-264,-264,33399
259,-264.5,-264.5,-264.5,-264.5,33374
259,-265,-265,-265,-265,33350
259,-266,-266,-266,-266,33303
259,-266.5,-266.5,-266.5,-266.5,33275
259,-273,-273,-273,-273,32952
259,-273.5,-273.5,-273.5,-273.5,32926
259,-274.5,-274.5,-274.5,-274.5,32876
259,-275,-275,-275,-275,32852
259,-275.5,-275.5,-275.5,-275.5,32828
259,-276,-276,-276,-276,32804
259,-277,-277,-277,-277,32752
259,-277.5,-277.5,-277.5,-277.5,32727
259,-279,-279,-279,-279,32652
259,-280,-280,-280,-280,32604
259,-280.5,-280.5,-280.5,-280.5,32578
259,-281,-281,-281,-281,32553
259,-281.5,-281.5,-281.5,-281.5,32529
259,-282,-282,-282,-282,32503
259,-284,-284,-284,-284,32406
259,-285,-285,-285,-285,32355
259,-285.5,-285.5,-285.5,-285.5,32330
259,-286,-286,-286,-286,32305
259,-286.5,-286.5,-286.5,-286.5,32281
259,-287,-287,-287,-287,32254
259,-287.5,-287.5,-287.5,-287.5,32231
259,-288,-288,-288,-288,32207
259,-288.5,-288.5,-288.5,-288.5,32181
259,-289,-289,-289,-289,32156
259,-289.5,-289.5,-289.5,-289.5,32131
259,-290,-290,-290,-290,32107
259,-291,-291,-291,-291,32056
259,-292,-292,-292,-292,32008
259,-294,-294,-294,-294,31906
259,-294.5,-294.5,-294.5,-294.5,31885
259,-295,-295,-295,-295,31858
259,-295.5,-295.5,-295.5,-295.5,31833
259,-296,-296,-296,-296,31807
259,-296.5,-296.5,-296.5,-296.5,31782
259,-297,-297,-297,-297,31759
259,-297.5,-297.5,-297.5,-297.5,31734
259,-298,-298,-298,-298,31709
259,-298.5,-298.5,-298.5,-298.5,31685
259,-299,-299,-299,-299,31658
259,-299.5,-299.5,-299.5,-299.5,31633
259,-300,-300,-300,-300,31608
259,-300.5,-300.5,-300.5,-300.5,31583
259,-301,-301,-301,-301,31559
259,-301.5,-301.5,-301.5,-301.5,31535
259,-302,-302,-302,-302,31510
259,-302.5,-302.5,-302.5,-302.5,31486
259,-303,-303,-303,-303,31460
259,-303.5,-303.5,-303.5,-303.5,31435
259,-304,-304,-304,-304,31411
259,-304.5,-304.5,-304.5,-304.5,31386
259,-305,-305,-305,-305,31361
259,-305.5,-305.5,-305.5,-305.5,31336
259,-306.5,-306.5,-306.5,-306.5,31286
259,-307,-307,-307,-307,31260
259,-308,-308,-308,-308,31211
259,-308.5,-308.5,-308.5,-308.5,31188
259,-309.5,-309.5,-309.5,-309.5,31135
259,-310,-310,-310,-310,31113
259,-310.5,-310.5,-310.5,-310.5,31087
259,-311,-311,-311,-311,31063
259,-311.5,-311.5,-311.5,-311.5,31038
259,-312,-312,-312,-312,31012
259,-313,-313,-313,-313,30963
259,-313.5,-313.5,-313.5,-313.5,30938
259,-314,-314,-314,-314,30917
259,-314.5,-314.5,-314.5,-314.5,30888
259,-315,-315,-315,-315,30863
259,-315.5,-315.5,-315.5,-315.5,30839
259,-316,-316,-316,-316,30813
259,-316.5,-316.5,-316.5,-316.5,30788
259,-317,-317,-317,-317,30764
259,-317.5,-317.5,-317.5,-317.5,30739
259,-318,-318,-318,-318,30715
259,-318.5,-318.5,-318.5,-318.5,30690
259,-319,-319,-319,-319,30665
259,-319.5,-319.5,-319.5,-319.5,30639
259,-320,-320,-320,-320,30615
259,-320.5,-320.5,-320.5,-320.5,30590
259,-321,-321,-321,-321,30565
259,-321.5,-321.5,-321.5,-321.5,30540
259,-322,-322,-322,-322,30514
259,-322.5,-322.5,-322.5,-322.5,30492
259,-323.5,-323.5,-323.5,-323.5,30442
259,-325.5,-325.5,-325.5,-325.5,30340
259,-326,-326,-326,-326,30317
259,-326.5,-326.5,-326.5,-326.5,30294
259,-327,-327,-327,-327,30266
259,-327.5,-327.5,-327.5,-327.5,30241
259,-328,-328,-328,-328,30217
259,-328.5,-328.5,-328.5,-328.5,30194
259,-329,-329,-329,-329,30168
259,-330.5,-330.5,-330.5,-330.5,30092
